SrNo,ItemCode,ItemName,Pack,Manufacturer,HSN,GST%,MRP,PurchaseRate,SellingRate,ScheduleClass,BatchNo,ExpDate,Qty,Loc,Notes
1,VPH-00001,Loratadine 10mg,Tab,CIPLA,30049099,12,495.81,364.93,460.48,,B9682H,12-Feb-2028,590,R7-S7,
2,VPH-00002,Diazepam 5mg,Tab,Sun Pharmaceutical,30049099,18,1355.37,1032.79,₹1257.57,H1,B4950H,04.02.2028,85,R3-S7,
3,VPH-00003,Disprin,Tab,Torrent,30049099,12,372.98,286.80,367.76,,B6852F,26/03/2027,202,R4-S6,
4,VPH-00004,Lorazepam 2mg,Tab,Alkem,30049099  ,18,850.07,568.76,Rs.818.78,H1,B3238A,17.11.2027,581,R4-S8,
5,VPH-00005,Morphine Sulfate 10mg,Tab,GSK,30039011  ,18,56.39,31.03,52.07,X,B1797F,07.08.2025,584,R4-S8,
6,VPH-00006,Diazepam 5mg,Tab,Mankind,30049099  ,18,1711.15,1145.71,₹1594.76,H1,B3752E,10/05/2025,70,R7-S3,
7,VPH-00007,Alprazolam 0.5mg,Tab,Glenmark,30049099  ,18,1764.95,₹1026.51,1653.83,H1,B9335F,02/06/2026,146,R1-S11,
8,VPH-00008,Saridon,Tab,GlaxoSmithKline,30049099,12,₹853.41,498.42,799.07,,B9486D,28-Sep-2027,431,R4-S9,
9,VPH-00009,Vitamin B12 1500mcg,Tab,Glenmark Pharma,30049099  ,12,341.33,212.66,₹329.87,,B4579G,08-Jul-2027,432,R3-S12,
10,VPH-00010,ORS Sachet 21g,Sachet,Pfizer,30049099,5,915.26,₹611.32,900.69,,B1026G,25-Jun-2025,268,R2-S5,
11,VPH-00011,Pudin Hara Pearls,Cap,ALKEM,30049099,12,1090.95,Rs.719.84,1004.50,,B8252C,22/08/2027,274,R2-S3,
12,VPH-00012,Dolo 650mg,Tab,GLENMARK,30049099,12,1121.08,736.22,1074.95,,B3774B,08/11/2026,158,R5-S4,"Pack: Tab, blister"
13,VPH-00013,Lorazepam 2mg,Tab,GLENMARK,30049099,18,1717.27,997.56,1711.48,H1,B6694A,27-Jul-2026,450,R1-S8,
14,VPH-00014,Lorazepam 2mg,Tab,TORRENT,30049099,18,228.75,174.49,218.60,H1,B8880F,19-Dec-2027,32,R1-S2,
15,VPH-00015,Lorazepam 2mg,Tab,Sanofi India,30049099,18,1279.01,₹894.46,Rs.1238.99,H1,B2778E,15-Aug-2026,328,R2-S6,"Pack: Tab, blister"
16,VPH-00016,Becosules,Cap,Himalaya Drug Co,30049099,12,248.49,187.23,243.21,,B9561D,01/04/2026,330,R1-S5,
17,VPH-00017,Alprazolam 0.5mg,Tab,Cipla Ltd,30049099  ,18,Rs.372.42,285.53,361.72,H1,B8856F,15-Apr-2028,481,R6-S9,
18,VPH-00018,Levofloxacin 500mg,Tab,Pfizer,  30041000,12,578.52,403.59,₹554.80,H,B6923D,11/05/2027,206,R3-S9,
19,VPH-00019,Lorazepam 2mg,Tab,Macleods Pharma,30049099,18,1304.54,974.04,1286.78,H1,B1166D,05/10/2027,147,R7-S8,
20,VPH-00020,Loratadine 10mg,Tab,Cipla Ltd,  30049099,12,Rs.296.60,226.06,284.06,,B1956F,23/05/2027,512,R8-S2,
21,VPH-00021,Alprazolam 0.5mg,Tab,TORRENT,30049099,18,Rs.233.94,162.38,224.39,H1,B7126C,23-Jul-2027,508,R5-S4,
22,VPH-00022,Atorvastatin 10mg,Tab,Lupin Ltd,30049099,12,1552.04,1001.60,1508.35,,B4738A,11.03.2028,595,R8-S12,
23,VPH-00023,Omeprazole 20mg,Cap,GSK,30049099,12,1179.81,₹794.47,₹1106.02,,B8472G,14/04/28,361,R2-S8,
24,VPH-00023,Omeprazole 20mg,Cap,GSK,30049099,12,1179.81,1044.37,1747.94,,B6890C,18.10.2027,237,R4-S1,
25,VPH-00024,Alprazolam 0.5mg,Tab,ALKEM,30049099,18,97.43,69.78,94.84,H1,B7823G,03.11.2025,311,R5-S3,
26,VPH-00025,Norfloxacin 400mg,Tab,Pfizer,30041000  ,12,743.32,Rs.543.51,₹734.40,H,B7770F,10/03/27,314,R7-S9,
27,VPH-00025,Norfloxacin 400mg,Tab,Pfizer,30041000  ,12,743.32,960.79,1200.48,H,B8600D,06/02/28,173,R7-S8,
28,VPH-00026,Prednisolone 5mg,Tab,Lupin Ltd,30049099,12,793.55,471.84,734.64,H,B8681D,20/01/28,141,R2-S8,
29,VPH-00027,Alprazolam 0.5mg,Tab,GSK Pharma,30049099,18,237.60,153.57,230.29,H1,B8177F,08.09.2026,72,R8-S6,
30,VPH-00028,Cefixime 200mg,Tab,Himalaya,30041000,12,603.26,402.92,563.58,H,B4729F,17/08/2026,304,R7-S3,
31,VPH-00029,Metronidazole 400mg,Tab,Zydus,30049099  ,12,1090.89,681.99,1085.84,H,B8036F,22-Jan-2027,575,R4-S6,
32,VPH-00030,Morphine Sulfate 10mg,Tab,cipla ,30039011,18,179.66,109.46,166.62,X,B2758B,17-Jul-2027,264,R6-S8,
33,VPH-00031,Pethidine 50mg,Vial,PFIZER,30039011,18,1171.66,823.46,1169.83,X,B7001H,19.08.2025,218,R2-S9,
34,VPH-00032,Combiflam,Tab,Macleods,30049099,12,₹1164.84,₹657.12,1115.53,,B6775C,28-May-2026,349,R5-S11,
35,VPH-00033,Dexamethasone 0.5mg,Tab,Glenmark Pharma,30049099,12,₹1407.93,1075.33,₹1364.53,H,B6406D,19-Apr-2027,309,R4-S11,
36,VPH-00033,Dexamethasone 0.5mg,Tab,Glenmark Pharma,30049099,12,₹1407.93,358.00,574.27,H,B1016E,01.11.2026,127,R8-S3,
37,VPH-00034,Revital H,Cap,Sun Pharma Ltd,30049099  ,12,811.97,554.04,₹756.65,,B3892B,11/01/27,224,R1-S2,
38,VPH-00035,Metronidazole 400mg,Tab,GLENMARK,30049099,12,1095.37,₹721.72,1081.55,H,B2430F,18/03/27,277,R6-S9,
39,VPH-00036,Vitamin D3 60K,Sachet,Macleods Pharma,30049099,12,1010.52,772.84,999.14,,B7589B,08/06/26,338,R6-S2,
40,VPH-00037,Lorazepam 2mg,Tab,Himalaya Drug Co,30049099,18,1148.67,839.59,1079.17,H1,B1271G,28.08.2026,108,R3-S8,
41,VPH-00038,Doxycycline 100mg,Cap,ALKEM,30041000,12,340.20,236.13,337.06,H,B8662F,05-Aug-2026,43,R8-S3,
42,VPH-00038,Doxycycline 100mg,Cap,ALKEM,30041000,12,340.20,461.66,667.33,H,B4669F,04/02/28,168,R3-S10,
43,VPH-00039,Levofloxacin 500mg,Tab,Sanofi,  30041000,12,Rs.1796.23,1106.23,1701.57,H,B6566B,12-Jan-2028,397,R8-S4,"Pack: Tab, blister"
44,VPH-00040,Domperidone 10mg,Tab,Sanofi,30049099,12,158.14,108.57,147.24,,B9840E,10.07.2027,148,R5-S9,
45,VPH-00040,Domperidone 10mg,Tab,Sanofi,30049099,12,158.14,1367.08,1760.20,,B7775A,27/01/28,291,R8-S9,
46,VPH-00041,Clonazepam 0.5mg,Tab,Dr Reddys,30049099,18,278.08,₹209.07,269.36,H1,B2824H,13.02.2027,341,R5-S10,
47,VPH-00042,Volini Gel 75g,Gel,Mankind Pharma,30049099,12,883.93,₹631.39,Rs.833.78,,B7781B,06/08/26,163,R3-S9,
48,VPH-00043,Iodex 16g,Ointment,Mankind Pharma,30049099,12,1253.69,873.65,₹1220.80,,B6151A,19.08.2027,277,R3-S12,
49,VPH-00043,Iodex 16g,Ointment,Mankind Pharma,30049099,12,1253.69,715.97,1134.69,,B5377H,30/12/2027,379,R4-S4,
50,VPH-00044,Insulin Glargine 100IU,Vial,ALKEM,30043990  ,5,289.78,172.57,274.80,H,B3497E,09/04/2028,521,R8-S10,
51,VPH-00045,Pethidine 50mg,Vial,MANKIND,30039011,18,1285.94,981.13,1219.08,X,B2124C,30/09/2026,98,R7-S9,
52,VPH-00046,Eno Fruit Salt 100g,Sachet,LUPIN,30049099,12,1734.19,1226.35,1679.03,,B1876A,27/06/26,417,R6-S2,
53,VPH-00047,Pethidine 50mg टॅब,Vial,Himalaya Drug Co,30039011,18,300.44,190.19,289.44,X,B5528D,30.03.2028,337,R6-S7,
54,VPH-00048,Calcium Carbonate 500mg,Tab,Torrent,30049099,12,₹615.63,356.61,₹610.13,,B6034G,31.07.2026,70,R8-S6,
55,VPH-00048,Calcium Carbonate 500mg,Tab,Torrent,30049099,12,₹615.63,355.94,₹599.37,,B8101A,05-Aug-2027,85,R2-S9,
56,VPH-00049,Salbutamol Inhaler 200d,Inhaler,Lupin,30049099,12,731.14,415.38,Rs.722.52,H,B9507H,16-Mar-2027,463,R6-S1,
57,VPH-00050,Lorazepam 2mg,Tab,GSK Pharma,30049099,18,164.63,98.72,155.92,H1,B7703D,25-Sep-2027,311,R7-S1,
58,VPH-00051,Alprazolam 0.5mg,Tab,Cipla,30049099  ,18,1052.35,778.99,1004.06,H1,B5926E,23.12.2027,247,R2-S4,
59,VPH-00052,ORS Sachet 21g,Sachet,ZYDUS,30049099,5,428.01,272.86,409.15,,B7022A,30.12.2027,469,R6-S5,
60,VPH-00053,Telmisartan 40mg,Tab,Himalaya,  30049099,12,151.80,89.52,₹146.06,,B1978H,04/11/2026,253,R2-S3,"Pack: Tab, blister"
61,VPH-00054,Crocin 500mg टॅब,Tab,cipla ,30049099,12,405.22,309.01,390.22,,B5557H,01-Oct-2026,35,R8-S8,
62,VPH-00054,Crocin 500mg टॅब,Tab,cipla ,30049099,12,405.22,32.68,54.21,,B9139C,04.06.2026,67,R2-S1,
63,VPH-00055,Dexamethasone 0.5mg,Tab,Macleods Pharma,  30049099,12,732.79,443.10,720.77,H,B5892E,15-Apr-2027,99,R6-S7,
64,VPH-00056,Disprin,Tab,Dr Reddys,30049099  ,12,34.13,25.32,33.36,,B5073F,17-Jan-2028,340,R2-S12,
65,VPH-00057,Levofloxacin 500mg,Tab,MACLEODS,30041000  ,12,792.05,458.22,₹757.05,H,B5158F,05/06/2027,98,R4-S3,
66,VPH-00058,Loratadine 10mg,Tab,Alkem Labs,30049099,12,967.94,753.27,932.83,,B4543H,28-Mar-2028,139,R8-S7,
67,VPH-00059,Dolo 650mg,Tab,GlaxoSmithKline,30049099,12,473.26,341.19,453.59,,B5531B,16-Jul-2027,288,R8-S2,
68,VPH-00060,Clonazepam 0.5mg,Tab,ABBOTT,30049099,18,Rs.1285.74,968.31,1253.14,H1,B3440A,29-Mar-2026,473,R5-S8,
69,VPH-00061,ORS Sachet 21g,Sachet,SUN PHARMA,30049099,5,Rs.281.84,₹187.77,272.39,,B9079D,01.05.2028,134,R7-S10,
70,VPH-00061,ORS Sachet 21g,Sachet,SUN PHARMA,30049099,5,Rs.281.84,653.20,839.09,,B9028D,27/12/2027,543,R3-S3,
71,VPH-00062,Zolpidem 10mg,Tab,ABBOTT,30049099,18,₹752.96,₹474.48,Rs.701.35,H1,B6501E,25.05.2027,380,R5-S1,
72,VPH-00063,Ibuprofen 400mg,Tab,Sun Pharma,30049099,12,367.56,₹251.47,338.17,,B2880D,10/09/2027,405,R5-S5,
73,VPH-00064,Vitamin B12 1500mcg,Tab,SUN PHARMA,30049099,12,267.98,Rs.187.56,₹247.90,,B8656D,05-Apr-2028,68,R8-S10,
74,VPH-00065,Omeprazole 20mg,Cap,ABBOTT,30049099,12,₹320.28,181.66,₹318.99,,B9860A,14.07.2027,589,R7-S6,
75,VPH-00065,Omeprazole 20mg,Cap,ABBOTT,30049099,12,₹320.28,Rs.1203.93,1787.45,,B4431H,23/09/2027,320,R3-S4,
76,VPH-00066,ORS Sachet 21g,Sachet,Himalaya,30049099,5,951.72,₹601.67,884.58,,B5010C,01/03/27,450,R5-S4,"Pack: Sachet, blister"
77,VPH-00067,Cetirizine 10mg,Tab,Himalaya,30049099,12,156.67,111.32,150.88,,B1168E,14/12/27,122,R8-S5,
78,VPH-00068,Saridon,Tab,Alkem,  30049099,12,421.11,250.88,410.99,,B1815A,09-Dec-2027,281,R5-S5,
79,VPH-00069,ORS Sachet 21g,Sachet,Cipla Ltd,30049099  ,5,Rs.103.84,Rs.70.14,102.33,,B6695F,22/03/28,277,R8-S11,
80,VPH-00070,Zolpidem 10mg,Tab,Glenmark Pharma,30049099  ,18,659.33,418.05,₹623.00,H1,B5835D,29.10.2026,542,R8-S1,
81,VPH-00071,Crocin Advance,Tab,Himalaya,30049099  ,12,53.50,38.25,51.07,,B2617G,07/10/2026,12,R7-S8,"Pack: Tab, blister"
82,VPH-00071,Crocin Advance,Tab,Himalaya,30049099  ,12,53.50,1299.99,1745.12,,B7737H,30/10/27,365,R7-S3,"Pack: Tab, blister"
83,VPH-00072,Crocin 500mg टॅब,Tab,Torrent Pharma,30049099,12,451.50,281.23,432.91,,B7096D,12/09/2026,407,R2-S11,
84,VPH-00073,Dolo 650mg,Tab,Sanofi,30049099  ,12,1719.46,1253.81,1597.58,,B3614F,24/05/26,179,R7-S9,"Pack: Tab, blister"
85,VPH-00074,Loratadine 10mg,Tab,Mankind Pharma,30049099,12,742.17,507.38,721.69,,B3879D,01/01/2027,218,R6-S2,
86,VPH-00075,Alprazolam 0.5mg,Tab,Cipla,30049099  ,18,1152.74,740.12,1093.55,H1,B1680F,14.11.2025,302,R1-S3,
87,VPH-00076,Salbutamol Inhaler 200d,Inhaler,TORRENT,30049099,12,1200.35,741.33,1197.84,H,B9014C,08/09/27,487,R6-S3,
88,VPH-00077,Omeprazole 20mg,Cap,ALKEM,30049099  ,12,839.34,₹468.44,804.34,,B9125G,08.06.2027,507,R1-S1,
89,VPH-00077,Omeprazole 20mg,Cap,ALKEM,30049099  ,12,839.34,720.10,898.98,,B8065D,24/06/26,144,R5-S9,
90,VPH-00078,Iron Folic Acid,Tab,Mankind,  30049099,12,360.51,270.22,333.85,,B7169G,13/09/2026,414,R2-S1,
91,VPH-00079,Domperidone 10mg,Tab,GSK,30049099,12,697.21,422.66,664.30,,B2603G,16/05/2027,103,R2-S12,
92,VPH-00080,Dexamethasone 0.5mg,Tab,Alkem,30049099,12,526.13,312.53,523.15,H,B8273C,01/12/2026,202,R4-S4,
93,VPH-00081,Salbutamol Inhaler 200d,Inhaler,Glenmark Pharma,30049099  ,12,₹1514.47,1146.67,1496.67,H,B4024C,03.12.2027,232,R1-S1,
94,VPH-00082,Iodex 16g,Ointment,gsk,  30049099,12,1100.73,₹719.53,1047.68,,B6299H,20/12/26,183,R6-S10,
95,VPH-00083,Multivitamin Syrup 200ml,Syrup,gsk,30049099  ,12,Rs.965.79,597.40,929.38,,B7385G,21/07/26,108,R8-S3,
96,VPH-00084,Loratadine 10mg,Tab,Dr Reddy's,30049099,12,1446.05,1095.93,1418.12,,B6470H,20/10/27,591,R2-S9,
97,VPH-00085,Salbutamol Inhaler 200d,Inhaler,Torrent Pharma,30049099,12,858.38,647.36,820.36,H,B3081E,08/02/2028,252,R3-S2,
98,VPH-00086,Disprin,Tab,Abbott India,30049099,12,Rs.143.00,88.12,132.41,,B7555A,19/10/27,350,R4-S4,
99,VPH-00087,Iodex 16g,Ointment,Macleods,30049099  ,12,1473.72,991.84,₹1455.93,,B4625G,08-Jun-2027,433,R2-S11,
100,VPH-00088,Disprin,Tab,TORRENT,30049099  ,12,₹1105.82,708.41,1033.77,,B9809D,01-Mar-2028,308,R7-S5,
101,VPH-00089,Furosemide 40mg,Tab,DR REDDYS,30049099,12,1366.34,941.67,1260.80,H,B3450H,19/12/2026,591,R2-S6,
102,VPH-00090,Amlodipine 5mg,Tab,Lupin Ltd,30049099,12,Rs.1195.11,700.94,₹1119.31,,B4378C,11-Mar-2028,160,R3-S3,
103,VPH-00090,Amlodipine 5mg,Tab,Lupin Ltd,30049099,12,Rs.1195.11,201.38,340.95,,B9244A,04/08/27,223,R2-S3,
104,VPH-00091,Becosules,Cap,Torrent Pharma,30049099,12,340.99,225.75,314.23,,B9519H,24-Aug-2026,254,R3-S11,
105,VPH-00092,ORS Sachet 21g,Sachet,Mankind,30049099,5,329.50,184.26,329.32,,B6690G,09/08/2027,199,R8-S12,
106,VPH-00093,Furosemide 40mg,Tab,Pfizer India,30049099,12,₹1627.87,1048.26,1553.42,H,B8343C,07/05/2027,53,R3-S4,
107,VPH-00094,Crocin 500mg टॅब,Tab,Sanofi India,30049099  ,12,₹1615.13,1071.87,1527.00,,B3947G,17-Dec-2027,132,R8-S7,"Pack: Tab, blister"
108,VPH-00095,Salbutamol Inhaler 200d,Inhaler,Torrent,30049099,12,Rs.939.57,₹645.03,Rs.896.17,H,B4182G,19-Apr-2027,403,R3-S2,
109,VPH-00096,Metronidazole 400mg,Tab,SUN PHARMA,30049099  ,12,1660.48,1038.94,1638.79,H,B8726G,19.01.2026,479,R5-S9,"Pack: Tab, blister"
110,VPH-00096,Metronidazole 400mg,Tab,SUN PHARMA,30049099  ,12,1660.48,₹1064.57,1656.12,H,B8347B,05/12/26,43,R3-S7,
111,VPH-00097,Iodex 16g,Ointment,SANOFI,30049099,12,592.05,348.99,548.26,,B3935E,19/05/2027,567,R1-S3,
112,VPH-00098,Iodex 16g,Ointment,Sanofi,30049099,12,554.34,364.06,553.77,,B8697F,07-May-2028,596,R6-S12,
113,VPH-00098,Iodex 16g,Ointment,Sanofi,30049099,12,554.34,1209.80,1681.64,,B9735G,26.01.2027,46,R1-S3,
114,VPH-00099,Pudin Hara Pearls,Cap,Himalaya,30049099,12,148.13,96.35,Rs.143.72,,B9682G,28.03.2028,290,R8-S9,
115,VPH-00100,Metronidazole 400mg,Tab,Abbott,30049099,12,472.79,273.77,438.87,H,B6296D,13-Aug-2027,86,R4-S1,
116,VPH-00101,Furosemide 40mg,Tab,SUN PHARMA,30049099,12,199.84,118.24,₹187.73,H,B4814F,03.04.2028,580,R8-S11,
117,VPH-00102,Revital H,Cap,Himalaya,30049099,12,Rs.601.23,366.69,594.05,,B3316H,21-Jul-2027,526,R5-S7,
118,VPH-00103,Combiflam,Tab,Pfizer India,30049099,12,₹947.06,671.13,936.35,,B1233F,15/04/2027,422,R1-S7,
119,VPH-00104,Disprin,Tab,DR REDDYS,30049099  ,12,1126.24,623.41,1125.99,,B1716E,07-Oct-2026,382,R7-S2,
120,VPH-00104,Disprin,Tab,DR REDDYS,30049099  ,12,1126.24,1161.65,1773.59,,B5671H,15/11/2026,284,R5-S6,
121,VPH-00105,Volini Gel 75g,Gel,SANOFI,30049099,12,₹1372.62,960.12,1268.96,,B2009C,10.07.2026,359,R8-S12,
122,VPH-00106,Iodex 16g,Ointment,LUPIN,30049099  ,12,589.82,397.80,562.96,,B5809F,19.08.2026,28,R8-S3,"Pack: Ointment, blister"
123,VPH-00107,Moov Spray 50g,Spray,ZYDUS,30049099,12,724.87,421.41,708.21,,B5770A,01/06/27,163,R6-S3,"Pack: Spray, blister"
124,VPH-00108,Tramadol 50mg,Cap,Abbott India,30049099,12,1596.78,944.30,1522.56,H,B7462D,31/01/27,419,R3-S4,
125,VPH-00108,Tramadol 50mg,Cap,Abbott India,30049099,12,1596.78,951.37,1409.38,H,B6168B,08/04/2028,231,R7-S11,
126,VPH-00109,Glimepiride 1mg,Tab,PFIZER,  30049099,12,1674.50,Rs.1095.09,1608.29,,B2330B,16/12/2027,149,R1-S6,"Pack: Tab, blister"
127,VPH-00110,Diclofenac 50mg टॅब,Tab,Macleods,30049099,12,1489.83,₹872.59,1440.95,H,B5799E,25/03/2028,258,R1-S12,
128,VPH-00111,Dolo 650mg,Tab,Glenmark Pharma,30049099,12,518.36,361.48,506.33,,B7772B,19/06/2026,79,R6-S11,
129,VPH-00112,Volini Gel 75g,Gel,Torrent,30049099,12,340.20,257.13,Rs.317.74,,B4674A,11.07.2027,285,R8-S8,
130,VPH-00113,Insulin Glargine 100IU,Vial,Lupin Ltd,30043990,5,350.48,232.19,347.42,H,B8851H,20.02.2027,390,R6-S8,
131,VPH-00114,Dolo 650mg,Tab,Alkem Labs,30049099,12,404.26,Rs.312.66,376.80,,B4235G,06/11/26,410,R1-S8,
132,VPH-00115,Moov Spray 50g,Spray,Alkem Labs,30049099,12,517.32,₹367.76,₹516.03,,B9467G,24.11.2027,387,R3-S2,"Pack: Spray, blister"
133,VPH-00116,Cefixime 200mg,Tab,Pfizer,30041000  ,12,1773.21,1094.81,1677.55,H,B3843G,04/02/27,197,R3-S2,
134,VPH-00116,Cefixime 200mg,Tab,Pfizer,30041000  ,12,1773.21,1263.37,1609.23,H,B3695C,25-May-2027,116,R2-S4,
135,VPH-00117,Prednisolone 5mg,Tab,Zydus Cadila,  30049099,12,1037.37,809.05,959.41,H,B5044D,15/03/2028,320,R6-S12,
136,VPH-00118,Insulin Glargine 100IU,Vial,TORRENT,30043990,5,1847.03,1210.68,1818.77,H,B2178C,26/02/28,198,R7-S7,
137,VPH-00118,Insulin Glargine 100IU,Vial,TORRENT,30043990,5,1847.03,234.86,353.12,H,B5138C,20.08.2026,301,R2-S7,
138,VPH-00119,Digene Gel 200ml,Liquid,Himalaya,30049099,12,339.48,187.34,329.68,,B6359H,06.02.2027,310,R7-S9,
139,VPH-00120,Levofloxacin 500mg,Tab,Pfizer India,30041000,12,973.54,₹553.41,Rs.951.99,H,B4953F,25.04.2028,170,R3-S5,
140,VPH-00121,Omeprazole 20mg,Cap,Glenmark,30049099,12,1097.00,796.54,Rs.1062.58,,B9961E,08-Sep-2026,569,R1-S7,
141,VPH-00122,Levofloxacin 500mg,Tab,Zydus Cadila,30041000,12,₹1581.73,1221.67,1574.87,H,B5528F,08/09/26,188,R5-S5,
142,VPH-00123,Crocin 500mg टॅब,Tab,ZYDUS,30049099,12,139.49,104.19,128.99,,B1672E,03.05.2027,156,R5-S4,
143,VPH-00124,Becosules,Cap,Dr Reddy's,  30049099,12,162.57,102.11,152.86,,B1111D,31-Jul-2026,8,R8-S5,
144,VPH-00125,Cough Syrup 100ml,Syrup,Macleods,30049099,12,201.77,124.51,187.25,,B2140C,26/03/2028,119,R8-S9,
145,VPH-00126,Furosemide 40mg,Tab,Himalaya,30049099  ,12,1838.41,1035.70,1779.80,H,B3667D,03-Jun-2026,486,R5-S5,
146,VPH-00127,Crocin Advance,Tab,ALKEM,30049099  ,12,9.84,6.43,9.68,,B2093E,02/05/28,219,R5-S4,
147,VPH-00128,Vicks Action 500,Tab,cipla ,30049099,12,1526.38,1144.75,1487.77,,B6607H,26.07.2026,264,R2-S3,
148,VPH-00129,Tramadol 50mg,Cap,HIMALAYA,30049099,12,57.52,34.78,54.88,H,B2029H,03-May-2028,351,R7-S6,
149,VPH-00130,Aspirin 75mg,Tab,Abbott India,30049099,12,1583.59,1023.65,1469.78,,B8241E,09-Mar-2027,459,R5-S12,
150,VPH-00131,Revital H,Cap,SANOFI,30049099,12,Rs.1015.57,661.21,953.02,,B3693B,02.07.2027,12,R8-S10,
151,VPH-00132,Domperidone 10mg,Tab,Mankind Pharma,30049099,12,₹934.91,648.46,931.51,,B3386G,23/07/26,570,R5-S5,
152,VPH-00133,Disprin,Tab,Alkem,30049099,12,1599.56,932.07,1561.08,,B5375D,16-Jan-2028,10,R4-S10,
153,VPH-00134,Revital H,Cap,PFIZER,30049099  ,12,1377.51,973.88,1311.99,,B6537F,04.02.2028,409,R5-S11,
154,VPH-00135,Salbutamol Inhaler 200d,Inhaler,Pfizer,30049099,12,1399.90,820.38,₹1347.17,H,B5966B,17/08/27,74,R8-S5,
155,VPH-00136,Disprin,Tab,Glenmark,30049099,12,₹1849.04,1233.03,1725.21,,B1772F,07-Mar-2027,379,R7-S11,
156,VPH-00137,Iron Folic Acid,Tab,TORRENT,30049099,12,1824.58,1086.78,1766.48,,B9420F,23-Mar-2027,330,R6-S9,
157,VPH-00138,Glucose D 100g,Sachet,Glenmark,21069099,18,738.14,484.60,Rs.738.07,,B8310G,19/09/26,280,R2-S7,
158,VPH-00138,Glucose D 100g,Sachet,Glenmark,21069099,18,738.14,505.94,724.21,,B5310C,21/08/26,518,R2-S7,
159,VPH-00139,Eno Fruit Salt 100g,Sachet,SANOFI,30049099  ,12,₹1463.10,886.77,1453.33,,B4536H,21.06.2027,531,R1-S3,
160,VPH-00140,Volini Gel 75g,Gel,Alkem,  30049099,12,705.67,₹446.92,665.40,,B2259G,05/06/2026,73,R7-S11,
161,VPH-00141,Crocin 500mg टॅब टॅब,Tab,Macleods Pharma,30049099  ,12,1758.94,1294.84,1658.17,,B7616B,27.11.2026,310,R8-S3,
162,VPH-00142,Antacid Gel 170ml,Liquid,ALKEM,30049099,12,1484.90,855.60,1367.60,,B2537H,04/06/2026,204,R4-S4,"Pack: Liquid, blister"
163,VPH-00143,Aspirin 75mg,Tab,Zydus,30049099,12,864.42,649.11,840.15,,B6866D,29/10/2027,101,R7-S10,
164,VPH-00144,Becosules,Cap,Sun Pharmaceutical,30049099,12,Rs.1477.03,1085.26,1410.49,,B4934G,05-Jun-2027,43,R3-S11,
165,VPH-00145,Domperidone 10mg,Tab,Lupin Ltd,30049099,12,₹135.83,₹85.89,128.19,,B5955G,04.03.2027,150,R7-S9,
166,VPH-00146,Salbutamol Inhaler 200d,Inhaler,Mankind,30049099,12,853.71,₹507.46,816.05,H,B4938D,25-Nov-2026,524,R1-S1,
167,VPH-00146,Salbutamol Inhaler 200d,Inhaler,Mankind,30049099,12,853.71,₹514.14,831.47,H,B6934H,10/12/2027,540,R5-S11,
168,VPH-00147,Insulin Glargine 100IU,Vial,ALKEM,30043990  ,5,319.96,Rs.182.63,312.21,H,B5194D,14/09/26,519,R4-S4,
169,VPH-00148,Insulin Glargine 100IU,Vial,ABBOTT,30043990  ,5,1073.34,796.25,₹1015.33,H,B7345H,07/01/28,109,R1-S7,
170,VPH-00149,Folic Acid 5mg,Tab,TORRENT,30049099,12,₹1168.57,703.10,1137.16,,B6560D,13-May-2027,467,R4-S11,"Pack: Tab, blister"
171,VPH-00150,Iron Folic Acid,Tab,Torrent,30049099,12,1047.69,760.26,₹980.24,,B4020D,20/02/2027,522,R5-S6,
172,VPH-00151,Pantoprazole 40mg,Tab,Dr Reddy's,30049099,12,402.61,256.82,402.23,,B8740G,11/01/2027,481,R4-S4,
173,VPH-00152,Furosemide 40mg,Tab,Cipla,30049099,12,860.82,489.51,806.07,H,B7240F,01/07/2027,277,R8-S11,
174,VPH-00153,Iron Folic Acid,Tab,Mankind Pharma,30049099,12,1368.27,938.44,₹1333.67,,B3232F,02/09/2027,246,R5-S2,
175,VPH-00154,Ranitidine 150mg,Tab,Dr. Reddy's Labs,30049099,12,97.16,68.65,96.53,,B6208A,02/12/26,106,R6-S2,
176,VPH-00154,Ranitidine 150mg,Tab,Dr. Reddy's Labs,30049099,12,97.16,811.08,1260.34,,B2077H,25/03/27,293,R8-S7,
177,VPH-00155,Tramadol 50mg,Cap,Dr Reddys,30049099,12,103.68,67.50,98.83,H,B7777E,05/09/2026,220,R6-S8,
178,VPH-00155,Tramadol 50mg,Cap,Dr Reddys,30049099,12,103.68,281.31,454.00,H,B4586G,14.12.2026,272,R3-S9,"Pack: Cap, blister"
179,VPH-00156,Insulin Glargine 100IU,Vial,Himalaya Drug Co,30043990,5,185.22,103.76,184.86,H,B7472C,13/01/2027,550,R3-S10,
180,VPH-00157,Crocin 500mg टॅब,Tab,Sanofi,30049099,12,1392.06,Rs.939.09,1304.37,,B6840F,12.01.2026,518,R4-S10,
181,VPH-00158,Dolo 650mg,Tab,Abbott India,30049099,12,738.17,Rs.422.42,733.41,,B2073H,24.09.2027,404,R6-S12,
182,VPH-00159,Atorvastatin 10mg,Tab,Himalaya,  30049099,12,Rs.1089.88,733.16,1054.84,,B1198A,13/12/2026,57,R2-S1,
183,VPH-00160,Cefixime 200mg,Tab,SANOFI,  30041000,12,₹1678.89,1205.09,1676.75,H,B3999B,19/01/27,423,R1-S3,
184,VPH-00160,Cefixime 200mg,Tab,SANOFI,  30041000,12,₹1678.89,316.45,509.56,H,B6020A,27/02/28,274,R7-S2,
185,VPH-00161,Prednisolone 5mg,Tab,Lupin,  30049099,12,1323.44,956.63,₹1241.36,H,B3913D,07/07/27,236,R4-S1,"Pack: Tab, blister"
186,VPH-00162,Ibuprofen 400mg,Tab,Glenmark Pharma,30049099,12,1673.08,1216.82,1554.73,,B7920G,28/02/2027,21,R7-S12,
187,VPH-00163,Crocin Advance,Tab,Pfizer India,30049099,12,1836.95,₹1064.86,1759.69,,B8606C,17-Apr-2028,405,R8-S8,
188,VPH-00163,Crocin Advance,Tab,Pfizer India,30049099,12,1836.95,803.52,₹1366.19,,B4929E,14.02.2027,363,R1-S4,
189,VPH-00164,Metronidazole 400mg,Tab,TORRENT,30049099,12,585.04,411.41,548.33,H,B4320D,27-Oct-2027,514,R4-S1,
190,VPH-00165,Salbutamol Inhaler 200d,Inhaler,MACLEODS,30049099  ,12,Rs.1175.25,883.25,1168.83,H,B7123H,31/12/2026,274,R3-S8,
191,VPH-00166,Glimepiride 1mg,Tab,Mankind Pharma,  30049099,12,1092.50,786.95,1071.25,,B1093D,16-Mar-2026,418,R4-S2,
192,VPH-00166,Glimepiride 1mg,Tab,Mankind Pharma,  30049099,12,1092.50,900.87,1480.26,,B4169E,05.08.2027,428,R8-S3,
193,VPH-00167,Pantoprazole 40mg,Tab,Alkem Labs,30049099  ,12,1370.25,840.50,1292.69,,B7348G,17-Sep-2027,196,R4-S9,
194,VPH-00167,Pantoprazole 40mg,Tab,Alkem Labs,30049099  ,12,1370.25,110.89,176.96,,B2853A,04/12/26,559,R5-S1,"Pack: Tab, blister"
195,VPH-00168,Volini Gel 75g,Gel,Mankind,30049099,12,1723.28,956.50,1716.25,,B6875H,12-May-2027,323,R3-S5,
196,VPH-00169,Iodex 16g,Ointment,Cipla Ltd,30049099,12,1103.46,779.51,1078.93,,B9799E,28/04/28,12,R3-S2,
197,VPH-00170,Loratadine 10mg,Tab,gsk,30049099,12,208.21,153.20,Rs.201.20,,B6715D,10-Apr-2027,159,R7-S2,
198,VPH-00170,Loratadine 10mg,Tab,gsk,30049099,12,208.21,428.86,589.69,,B5896G,22/09/2027,286,R7-S1,
199,VPH-00171,Vitamin B12 1500mcg,Tab,Torrent,30049099,12,1803.76,₹1406.13,₹1725.16,,B2291D,28-Sep-2027,224,R5-S5,
200,VPH-00172,Domperidone 10mg,Tab,CIPLA,30049099,12,995.92,582.12,978.47,,B8512D,27-Sep-2026,12,R4-S1,
201,VPH-00172,Domperidone 10mg,Tab,CIPLA,30049099,12,995.92,Rs.814.58,1144.81,,B8910C,01/10/2027,248,R3-S5,
202,VPH-00173,Becosules,Cap,Pfizer,30049099,12,1809.48,₹1096.70,1682.31,,B5081C,12/01/28,171,R4-S9,
203,VPH-00174,Moov Spray 50g,Spray,Pfizer,30049099  ,12,1699.60,983.47,1581.06,,B9171C,13/01/26,206,R6-S3,
204,VPH-00174,Moov Spray 50g,Spray,Pfizer,30049099  ,12,1699.60,Rs.9.96,11.90,,B8412B,28/11/27,336,R5-S9,
205,VPH-00175,Ranitidine 150mg,Tab,SUN PHARMA,30049099,12,1575.76,909.35,1454.89,,B4808A,23/02/2028,410,R7-S8,
206,VPH-00176,Dexamethasone 0.5mg,Tab,Sanofi,30049099,12,1523.65,922.39,1471.16,H,B2593B,22/04/2027,130,R1-S4,
207,VPH-00177,Domperidone 10mg,Tab,Himalaya,30049099,12,780.43,505.48,748.30,,B8160H,01/04/2027,551,R1-S1,
208,VPH-00178,Vicks Action 500,Tab,ZYDUS,30049099,12,259.14,181.99,257.61,,B9583G,28/03/28,219,R2-S4,
209,VPH-00179,Disprin,Tab,GSK,30049099,12,1686.38,₹1065.13,1573.81,,B1624D,14/06/27,294,R7-S10,
210,VPH-00180,Combiflam,Tab,Pfizer,30049099,12,₹1191.98,854.52,₹1108.83,,B9397G,05-Sep-2026,209,R6-S6,
211,VPH-00181,Folic Acid 5mg,Tab,ABBOTT,30049099,12,1390.70,₹820.80,1347.45,,B5209D,17/09/2027,567,R5-S7,
212,VPH-00181,Folic Acid 5mg,Tab,ABBOTT,30049099,12,1390.70,366.29,487.34,,B2205E,22.03.2028,82,R7-S5,
213,VPH-00182,Eno Fruit Salt 100g,Sachet,Mankind,30049099,12,1069.72,₹764.84,1042.23,,B7754F,12/03/27,431,R7-S6,
214,VPH-00183,Calcium Carbonate 500mg,Tab,Alkem Labs,30049099,12,651.60,421.28,646.13,,B3639A,25-Jan-2027,115,R3-S8,
215,VPH-00184,Becosules,Cap,Mankind Pharma,  30049099,12,280.20,182.73,258.03,,B6928C,06.07.2026,138,R1-S6,
216,VPH-00185,Ciprofloxacin 500mg,Tab,Pfizer,30041000,12,₹846.34,515.50,₹778.98,H,B4087C,11-Oct-2026,102,R1-S5,
217,VPH-00185,Ciprofloxacin 500mg,Tab,Pfizer,30041000,12,₹846.34,72.16,₹92.42,H,B7175G,13/03/2028,333,R6-S9,
218,VPH-00186,Antacid Gel 170ml,Liquid,Lupin Ltd,30049099,12,1765.57,1281.28,1759.31,,B2895G,02/10/2027,5,R4-S10,
219,VPH-00187,Metformin 500mg टॅब,Tab,LUPIN,30049099  ,12,₹943.73,681.13,₹914.52,,B3771G,18/11/2027,324,R1-S7,
220,VPH-00188,Folic Acid 5mg,Tab,Mankind,30049099,12,₹222.28,127.39,206.32,,B8806D,22/05/2025,489,R8-S2,
221,VPH-00189,Doxycycline 100mg,Cap,Zydus Cadila,30041000  ,12,720.47,417.58,679.13,H,B7831D,02/04/27,194,R5-S9,
222,VPH-00190,Crocin 500mg टॅब,Tab,Alkem Labs,  30049099,12,1524.81,944.74,1444.49,,B5317E,29/03/27,239,R7-S9,
223,VPH-00191,Dolo 650mg,Tab,Abbott,30049099  ,12,Rs.1400.07,1067.38,1364.06,,B2389H,10/03/28,522,R6-S12,
224,VPH-00192,Atorvastatin 10mg,Tab,cipla ,30049099  ,12,212.37,Rs.126.21,199.79,,B3093F,07.09.2027,46,R7-S5,
225,VPH-00193,Ibuprofen 400mg,Tab,TORRENT,30049099  ,12,304.05,180.65,287.67,,B5327B,26/03/26,161,R7-S9,
226,VPH-00194,Ranitidine 150mg,Tab,GSK,30049099  ,12,509.07,352.70,495.16,,B9947E,27-May-2026,505,R2-S5,
227,VPH-00194,Ranitidine 150mg,Tab,GSK,30049099  ,12,509.07,709.20,1023.65,,B9047D,24-Dec-2027,500,R4-S3,
228,VPH-00195,Pudin Hara Pearls,Cap,Alkem Labs,30049099,12,₹585.03,412.65,₹573.85,,B6819D,28/08/2027,282,R3-S1,
229,VPH-00195,Pudin Hara Pearls,Cap,Alkem Labs,30049099,12,₹585.03,₹997.91,1448.85,,B3002H,28-Sep-2026,7,R6-S12,
230,VPH-00196,Norfloxacin 400mg,Tab,Dr. Reddy's Labs,30041000,12,1190.35,776.18,1109.52,H,B1086E,16-Jun-2027,302,R3-S12,
231,VPH-00197,Antacid Gel 170ml,Liquid,GLENMARK,30049099,12,860.26,513.40,854.82,,B3177C,28-Feb-2027,35,R2-S10,
232,VPH-00198,Metronidazole 400mg,Tab,MANKIND,30049099,12,67.84,38.18,65.32,H,B5785F,09/02/2027,384,R8-S9,
233,VPH-00199,Vicks Action 500 टॅब,Tab,DR REDDYS,30049099,12,₹123.44,78.72,113.71,,B6861B,05/08/27,25,R6-S6,
234,VPH-00200,Amoxicillin 500mg,Cap,MACLEODS,30041000,12,448.83,250.87,₹423.04,H,B2129D,24.01.2027,130,R4-S6,
235,VPH-00201,Pantoprazole 40mg,Tab,Glenmark,30049099,12,84.79,56.98,₹80.58,,B1865G,27/10/27,498,R1-S8,
236,VPH-00202,Moov Spray 50g,Spray,GlaxoSmithKline,30049099,12,₹327.70,223.72,320.13,,B3844C,29/03/28,41,R1-S5,
237,VPH-00203,Moov Spray 50g,Spray,HIMALAYA,30049099  ,12,₹1416.34,1054.16,Rs.1353.92,,B8046B,07/03/2028,472,R2-S4,
238,VPH-00204,Multivitamin Syrup 200ml,Syrup,Torrent,30049099,12,94.43,₹56.72,90.31,,B3861B,17/12/2026,105,R8-S8,
239,VPH-00205,Becosules,Cap,Glenmark Pharma,30049099  ,12,1227.08,767.24,1193.42,,B7452B,05/01/2028,478,R7-S11,
240,VPH-00206,Ondansetron 4mg,Tab,Abbott India,30049099,12,595.18,384.33,570.20,,B7436E,10.05.2027,551,R6-S9,
241,VPH-00207,Cetirizine 10mg,Tab,LUPIN,30049099,12,1403.94,1047.18,1335.11,,B9184A,09/08/26,45,R3-S4,
242,VPH-00208,Disprin,Tab,ZYDUS,30049099,12,₹1740.81,Rs.1165.64,1713.46,,B5156A,18.09.2026,295,R4-S7,
243,VPH-00209,Telmisartan 40mg,Tab,Mankind Pharma,30049099,12,1285.63,787.24,1242.99,,B6041G,30.03.2028,481,R8-S5,
244,VPH-00210,Pudin Hara Pearls,Cap,Zydus,30049099,12,1825.46,1108.06,₹1798.63,,B9265H,01.09.2027,502,R6-S10,
245,VPH-00211,Vicks Action 500,Tab,Glenmark Pharma,30049099,12,384.23,238.37,355.20,,B9042C,18/08/26,196,R3-S6,
246,VPH-00211,Vicks Action 500,Tab,Glenmark Pharma,30049099,12,384.23,797.04,₹1010.12,,B7894F,24/11/2027,331,R1-S5,
247,VPH-00212,Moov Spray 50g,Spray,LUPIN,30049099,12,1406.57,₹847.44,1362.72,,B7745A,14/01/28,396,R3-S9,
248,VPH-00213,Saridon,Tab,Lupin Ltd,30049099,12,₹207.97,115.11,204.71,,B8478E,26-Dec-2026,334,R8-S4,
249,VPH-00214,Multivitamin Syrup 200ml,Syrup,Zydus,30049099  ,12,408.87,244.96,388.31,,B1931G,20-May-2026,206,R1-S11,
250,VPH-00215,Dolo 650mg,Tab,Dr. Reddy's Labs,30049099,12,₹1542.63,1011.96,1536.15,,B6580C,25.07.2026,54,R7-S4,
251,VPH-00215,Dolo 650mg,Tab,Dr. Reddy's Labs,30049099,12,₹1542.63,144.49,211.10,,B2732B,21/06/27,431,R8-S6,
252,VPH-00216,Pudin Hara Pearls,Cap,Pfizer India,  30049099,12,203.42,126.94,₹198.76,,B4549B,01.02.2028,469,R6-S10,
253,VPH-00217,Atorvastatin 10mg,Tab,Macleods Pharma,30049099,12,772.09,588.08,723.47,,B5404H,10.09.2027,235,R7-S4,
254,VPH-00218,Metformin 500mg,Tab,Torrent,30049099  ,12,188.14,131.64,182.38,,B2361C,20/03/26,12,R1-S5,
255,VPH-00219,Disprin,Tab,Pfizer,30049099  ,12,1424.29,1068.78,1363.21,,B9794F,24-Sep-2026,123,R3-S4,
256,VPH-00220,Revital H,Cap,Lupin,30049099,12,798.91,590.04,₹778.43,,B1565A,20/11/2027,170,R4-S10,
257,VPH-00221,Amlodipine 5mg,Tab,Glenmark,30049099,12,533.28,317.44,499.78,,B2901E,21/04/2028,370,R3-S12,
258,VPH-00222,Saridon,Tab,ZYDUS,30049099,12,133.59,85.81,₹132.60,,B7503A,12-Jan-2028,53,R8-S3,
259,VPH-00223,Domperidone 10mg,Tab,Mankind Pharma,  30049099,12,1304.96,799.94,₹1284.35,,B6890D,18-Oct-2025,541,R4-S6,
260,VPH-00224,Atorvastatin 10mg,Tab,Pfizer,30049099  ,12,1818.57,1169.93,₹1680.34,,B6052C,12-Mar-2027,54,R3-S2,
261,VPH-00225,Folic Acid 5mg,Tab,Lupin Ltd,30049099,12,76.97,₹43.98,74.78,,B9372E,24-Oct-2026,166,R1-S3,
262,VPH-00226,Crocin Advance,Tab,Mankind Pharma,30049099,12,1204.45,₹713.17,₹1156.52,,B3768A,17/11/25,327,R5-S6,
263,VPH-00227,Vitamin D3 60K,Sachet,Pfizer,30049099,12,1517.25,937.24,1434.90,,B8007B,12/07/26,136,R1-S3,
264,VPH-00227,Vitamin D3 60K,Sachet,Pfizer,30049099,12,1517.25,₹90.25,126.45,,B4853C,18/12/27,13,R1-S9,
265,VPH-00228,Omeprazole 20mg,Cap,Sun Pharma Ltd,30049099  ,12,442.37,245.76,427.87,,B1094C,05.12.2027,123,R8-S3,"Pack: Cap, blister"
266,VPH-00229,Disprin,Tab,Torrent Pharma,30049099,12,1245.69,Rs.857.40,₹1183.49,,B1587A,10.05.2027,246,R1-S2,
267,VPH-00230,Glimepiride 1mg,Tab,Torrent,30049099,12,127.75,91.14,125.80,,B9478H,07/03/28,178,R4-S3,
268,VPH-00231,Volini Gel 75g टॅब,Gel,MANKIND,30049099,12,1275.66,830.65,1196.91,,B7377B,28-Apr-2027,471,R6-S9,
269,VPH-00232,Vitamin D3 60K,Sachet,GLENMARK,30049099,12,722.31,556.30,677.47,,B8629E,11.04.2027,524,R1-S11,
270,VPH-00233,ORS Sachet 21g,Sachet,ABBOTT,30049099,5,415.53,252.13,387.19,,B1544C,19-Oct-2026,50,R8-S12,
271,VPH-00234,Revital H,Cap,PFIZER,  30049099,12,₹570.57,358.64,558.73,,B8390D,28-Feb-2027,113,R5-S11,
272,VPH-00235,Volini Gel 75g,Gel,Cipla,30049099,12,145.34,94.60,134.10,,B7725A,03/03/2028,383,R3-S1,
273,VPH-00236,Folic Acid 5mg,Tab,Sanofi India,  30049099,12,Rs.1784.32,1204.98,₹1773.07,,B1229A,17.02.2028,380,R1-S12,
274,VPH-00237,Crocin 500mg टॅब,Tab,PFIZER,30049099,12,756.60,437.93,Rs.755.50,,B8198B,12/08/27,185,R8-S9,
275,VPH-00238,Calcium Carbonate 500mg,Tab,SUN PHARMA,30049099  ,12,1292.00,₹813.93,₹1194.56,,B1051B,09/09/26,20,R2-S7,
276,VPH-00239,Dolo 650mg,Tab,Abbott,30049099  ,12,1839.21,1167.80,1783.32,,B1543D,24.01.2027,342,R2-S4,
277,VPH-00240,Domperidone 10mg,Tab,PFIZER,30049099  ,12,99.50,69.17,97.00,,B8389C,10.02.2027,467,R3-S9,
278,VPH-00241,Vitamin B12 1500mcg,Tab,Mankind Pharma,  30049099,12,918.35,705.04,869.45,,B2865G,03/10/2027,394,R7-S1,
279,VPH-00242,Ranitidine 150mg,Tab,Alkem,30049099,12,₹1724.06,₹1199.92,₹1615.87,,B9365D,18.08.2027,534,R7-S2,"Pack: Tab, blister"
280,VPH-00243,Eno Fruit Salt 100g,Sachet,MANKIND,30049099,12,870.38,547.74,867.96,,B2354D,18/12/27,433,R2-S8,"Pack: Sachet, blister"
281,VPH-00244,Becosules,Cap,GlaxoSmithKline,30049099,12,1423.61,888.26,1412.89,,B4010C,28/05/27,261,R2-S4,"Pack: Cap, blister"
282,VPH-00245,Ondansetron 4mg,Tab,Lupin,30049099,12,1185.51,717.05,1155.43,,B8836F,25/01/2028,382,R4-S11,
283,VPH-00246,Becosules,Cap,TORRENT,30049099,12,576.56,379.29,570.53,,B1401G,03/04/28,589,R2-S1,
284,VPH-00247,Domperidone 10mg,Tab,Torrent Pharma,30049099,12,792.13,₹597.85,782.57,,B4040H,22/05/2026,495,R6-S12,
285,VPH-00248,Loratadine 10mg,Tab,Sun Pharmaceutical,30049099,12,₹1768.17,1079.60,₹1730.06,,B5787H,30-Dec-2026,477,R5-S9,
286,VPH-00249,Aspirin 75mg,Tab,Macleods,30049099  ,12,1154.80,856.89,1115.23,,B6376C,21.06.2027,59,R8-S1,
287,VPH-00250,Folic Acid 5mg,Tab,Abbott India,30049099,12,1005.70,776.61,937.56,,B3620D,15/03/28,78,R6-S5,
288,VPH-00251,Moov Spray 50g,Spray,Cipla,30049099  ,12,₹37.78,27.80,34.77,,B7805H,28.01.2028,534,R7-S1,
289,VPH-00251,Moov Spray 50g,Spray,Cipla,30049099  ,12,₹37.78,272.92,₹391.82,,B8802D,23.12.2026,356,R4-S4,
290,VPH-00252,Moov Spray 50g,Spray,Mankind,30049099,12,1412.70,₹922.76,1355.47,,B1545C,01/11/26,285,R3-S7,
291,VPH-00253,Metformin 500mg,Tab,Mankind Pharma,30049099  ,12,300.70,₹204.05,292.05,,B3615B,09-Nov-2026,63,R3-S12,
292,VPH-00253,Metformin 500mg,Tab,Mankind Pharma,30049099  ,12,300.70,140.69,₹200.63,,B4626A,10.01.2027,104,R8-S4,
293,VPH-00254,Calcium Carbonate 500mg,Tab,gsk,30049099  ,12,1400.79,₹1013.69,1297.03,,B6785C,18/07/26,116,R4-S10,
294,VPH-00255,Becosules,Cap,Torrent,30049099,12,329.54,253.16,317.40,,B4212A,25/02/28,488,R6-S10,
295,VPH-00256,Multivitamin Syrup 200ml,Syrup,Glenmark Pharma,30049099,12,Rs.899.70,574.12,873.74,,B3069H,05/12/2025,546,R2-S2,
296,VPH-00257,Ranitidine 150mg,Tab,TORRENT,  30049099,12,565.65,398.72,526.99,,B9292F,03/03/28,277,R5-S10,
297,VPH-00258,Domperidone 10mg,Tab,Himalaya,30049099,12,1482.04,1079.29,1480.05,,B7154B,09/12/2027,238,R3-S9,
298,VPH-00259,Saridon,Tab,Macleods Pharma,30049099,12,₹861.17,₹582.41,818.96,,B9651C,17-Feb-2028,552,R3-S5,
299,VPH-00260,Iodex 16g,Ointment,Pfizer India,30049099,12,348.38,243.48,336.74,,B3208C,31/05/26,308,R4-S7,
300,VPH-00261,Aspirin 75mg,Tab,ALKEM,30049099,12,1537.76,995.75,1442.50,,B5881H,05-Feb-2028,82,R4-S5,
301,VPH-00261,Aspirin 75mg,Tab,ALKEM,30049099,12,1537.76,1275.04,1601.44,,B4590D,28.05.2025,274,R7-S12,
302,VPH-00262,Volini Gel 75g,Gel,Torrent Pharma,30049099,12,297.29,173.65,291.80,,B8823A,24/04/2028,201,R4-S3,
303,VPH-00263,Crocin Advance,Tab,Pfizer India,30049099,12,440.07,289.82,₹439.15,,B9086E,14.12.2026,249,R7-S7,
304,VPH-00264,Vitamin B12 1500mcg,Tab,Macleods Pharma,  30049099,12,538.85,376.76,498.54,,B2649C,17-Jun-2027,7,R5-S3,
305,VPH-00265,Iron Folic Acid,Tab,Himalaya Drug Co,30049099,12,900.80,693.20,838.94,,B2673E,05/11/2026,596,R1-S6,"Pack: Tab, blister"
306,VPH-00266,Pudin Hara Pearls,Cap,HIMALAYA,30049099,12,92.31,64.14,90.16,,B5949A,16-Jul-2027,501,R6-S11,
307,VPH-00267,Volini Gel 75g,Gel,ABBOTT,30049099,12,Rs.1715.07,₹1179.52,1651.96,,B5692G,15.06.2026,528,R3-S9,
308,VPH-00268,Domperidone 10mg,Tab,GLENMARK,30049099  ,12,453.49,266.53,430.30,,B6965H,28/04/28,100,R3-S10,
309,VPH-00269,Revital H,Cap,Glenmark,30049099,12,₹1433.02,1026.12,1424.22,,B4771F,26-Dec-2027,343,R7-S3,
310,VPH-00270,Vitamin D3 60K,Sachet,Torrent,30049099,12,62.68,₹47.85,59.85,,B4932G,06.03.2028,574,R7-S2,
311,VPH-00271,Ibuprofen 400mg,Tab,Abbott India,30049099  ,12,537.40,301.63,512.68,,B9186E,03.03.2027,213,R3-S3,
312,VPH-00271,Ibuprofen 400mg,Tab,Abbott India,30049099  ,12,537.40,₹777.04,1113.30,,B9110C,08/11/2026,176,R8-S7,
313,VPH-00272,Vicks Action 500,Tab,Pfizer India,30049099  ,12,1843.45,1326.42,₹1830.43,,B7765A,04.08.2026,509,R5-S2,
314,VPH-00273,Ondansetron 4mg,Tab,PFIZER,30049099  ,12,1206.02,905.53,1178.69,,B6059C,18-Jul-2026,220,R2-S8,
315,VPH-00274,Eno Fruit Salt 100g,Sachet,Alkem Labs,30049099,12,837.77,536.81,785.91,,B3913E,17.02.2028,26,R8-S4,
316,VPH-00275,Volini Gel 75g,Gel,Macleods,30049099,12,1481.17,969.66,1396.41,,B8643G,03/08/2027,407,R7-S10,
317,VPH-00276,Cough Syrup 100ml,Syrup,Lupin Ltd,30049099,12,₹1571.78,1072.10,1567.13,,B2343D,29/04/2028,515,R6-S1,
318,VPH-00277,Pantoprazole 40mg,Tab,Cipla,30049099,12,₹1352.68,761.62,1289.97,,B6928G,21/02/28,170,R1-S6,
319,VPH-00278,Revital H,Cap,Macleods,30049099  ,12,215.42,147.57,202.87,,B7339H,07-Jan-2027,183,R8-S10,
320,VPH-00279,Combiflam,Tab,Torrent,30049099,12,321.38,249.82,302.40,,B6321F,08-Feb-2028,1,R8-S9,
321,VPH-00280,Pudin Hara Pearls टॅब,Cap,Sanofi,30049099  ,12,1050.08,683.03,971.30,,B1199D,10.06.2026,580,R3-S11,
322,VPH-00280,Pudin Hara Pearls टॅब,Cap,Sanofi,30049099  ,12,1050.08,₹137.86,₹231.81,,B9422B,23/10/2026,491,R4-S4,
323,VPH-00281,Eno Fruit Salt 100g,Sachet,ZYDUS,30049099,12,1668.24,1075.25,1587.45,,B7258D,11/06/26,309,R3-S11,
324,VPH-00281,Eno Fruit Salt 100g,Sachet,ZYDUS,30049099,12,1668.24,339.53,451.40,,B7542G,22/03/28,195,R2-S3,
325,VPH-00282,Disprin,Tab,Zydus Cadila,30049099,12,436.69,269.84,414.37,,B3938A,14/01/27,118,R6-S4,
326,VPH-00283,Domperidone 10mg,Tab,Pfizer,  30049099,12,536.03,Rs.319.49,₹514.05,,B5779H,04/09/27,397,R7-S4,
327,VPH-00284,Revital H,Cap,Sun Pharmaceutical,30049099,12,85.14,49.89,81.59,,B4090B,16/03/2027,100,R7-S3,
328,VPH-00284,Revital H,Cap,Sun Pharmaceutical,30049099,12,85.14,Rs.1035.98,1440.44,,B4133D,06-Jan-2026,371,R2-S3,
329,VPH-00285,Iron Folic Acid,Tab,Alkem Labs,30049099  ,12,1083.06,743.22,1024.50,,B7477H,09.02.2027,239,R2-S9,
330,VPH-00286,Volini Gel 75g,Gel,TORRENT,30049099  ,12,186.78,108.80,182.17,,B6422H,23.04.2028,531,R5-S4,
331,VPH-00287,Glimepiride 1mg,Tab,Lupin,30049099,12,742.48,Rs.506.46,742.01,,B2115B,19.12.2026,14,R7-S10,
332,VPH-00288,Cetirizine 10mg,Tab,Sanofi India,30049099  ,12,318.39,Rs.188.53,314.52,,B8944E,03/02/2028,324,R2-S2,
333,VPH-00289,Loratadine 10mg,Tab,GLENMARK,30049099,12,252.39,₹164.78,250.76,,B9449B,05/09/27,405,R4-S7,
334,VPH-00290,Crocin 500mg टॅब टॅब,Tab,ABBOTT,  30049099,12,212.20,160.50,204.62,,B8703A,16.10.2027,595,R2-S6,
335,VPH-00291,Disprin,Tab,Glenmark,30049099,12,1322.60,740.02,₹1227.16,,B5510G,04/10/2026,357,R7-S5,"Pack: Tab, blister"
336,VPH-00292,Combiflam,Tab,Alkem,  30049099,12,323.60,₹249.09,306.82,,B4735D,16/02/28,116,R8-S6,
337,VPH-00293,Aspirin 75mg,Tab,GSK,30049099,12,666.67,Rs.438.66,659.33,,B5705E,26/03/2028,239,R4-S3,
338,VPH-00294,Digene Gel 200ml,Liquid,Himalaya,30049099  ,12,1114.03,660.70,1025.31,,B3674C,18/01/28,222,R4-S4,"Pack: Liquid, blister"
339,VPH-00295,Saridon,Tab,CIPLA,  30049099,12,₹1210.72,801.11,1198.78,,B6256C,05.08.2027,96,R5-S5,
340,VPH-00296,Omeprazole 20mg,Cap,Pfizer India,30049099,12,653.52,369.09,₹625.99,,B6641E,07.12.2026,488,R4-S1,
341,VPH-00297,Folic Acid 5mg,Tab,HIMALAYA,  30049099,12,392.57,268.78,381.95,,B3354A,15/01/2028,435,R8-S2,
342,VPH-00298,Vitamin B12 1500mcg,Tab,MACLEODS,30049099  ,12,₹883.46,642.12,820.35,,B3081B,05-Mar-2028,184,R5-S5,
343,VPH-00299,Ondansetron 4mg,Tab,SANOFI,30049099,12,1537.89,905.38,1416.28,,B5148B,15/06/2026,205,R5-S12,
344,VPH-00300,Glucose D 100g,Sachet,ZYDUS,21069099,18,730.56,535.64,700.89,,B2551A,03/11/26,451,R4-S11,
345,VPH-00301,Omeprazole 20mg,Cap,SUN PHARMA,30049099,12,375.79,275.56,373.78,,B7090A,12/09/2027,379,R5-S1,
346,VPH-00302,Telmisartan 40mg,Tab,gsk,30049099  ,12,1458.18,₹915.41,1431.27,,B6753C,16-Oct-2026,502,R6-S6,
347,VPH-00303,Digene Gel 200ml,Liquid,Zydus Cadila,  30049099,12,1576.95,908.77,₹1531.54,,B9533H,29/01/28,350,R2-S2,
348,VPH-00304,Calcium Carbonate 500mg,Tab,Himalaya,30049099,12,341.70,265.06,332.35,,B3353C,04-Aug-2027,500,R1-S12,
349,VPH-00305,Calcium Carbonate 500mg,Tab,SANOFI,30049099,12,709.61,Rs.510.65,₹677.45,,B3852E,01-Oct-2027,320,R5-S4,
350,VPH-00306,Iron Folic Acid,Tab,Mankind Pharma,30049099,12,₹1011.88,Rs.782.08,972.18,,B7485F,15-Mar-2026,173,R2-S12,
351,VPH-00307,Eno Fruit Salt 100g,Sachet,Torrent Pharma,30049099,12,1733.87,1252.94,1667.70,,B6093D,06/10/2027,583,R4-S8,
352,VPH-00308,Disprin,Tab,Dr Reddys,30049099,12,870.55,591.75,820.73,,B1129A,15-Sep-2026,138,R1-S8,
353,VPH-00308,Disprin,Tab,Dr Reddys,30049099,12,870.55,₹355.49,480.97,,B5737G,01/11/2026,399,R2-S4,
354,VPH-00309,Ibuprofen 400mg,Tab,Mankind,30049099,12,878.28,657.97,827.90,,B2937C,29/09/27,129,R8-S6,
355,VPH-00310,Dolo 650mg टॅब,Tab,Zydus,30049099  ,12,₹1180.43,793.07,1146.91,,B7361F,06/08/27,214,R4-S5,
356,VPH-00311,Domperidone 10mg,Tab,Mankind Pharma,  30049099,12,75.48,51.14,₹70.10,,B5925F,08-Sep-2027,9,R1-S7,
357,VPH-00312,Disprin,Tab,Alkem,30049099,12,1233.55,911.87,1167.24,,B9956F,17.04.2027,295,R3-S5,
358,VPH-00313,Volini Gel 75g,Gel,Mankind,30049099,12,564.81,₹328.91,542.81,,B4825H,01.01.2027,206,R2-S2,
359,VPH-00314,Atorvastatin 10mg,Tab,TORRENT,30049099,12,69.87,41.90,66.63,,B1953B,08-May-2027,322,R5-S3,"Pack: Tab, blister"
360,VPH-00315,Omeprazole 20mg,Cap,Himalaya,30049099,12,1765.16,1241.37,1721.46,,B4738A,22.01.2027,47,R4-S10,"Pack: Cap, blister"
361,VPH-00316,Calcium Carbonate 500mg,Tab,ABBOTT,30049099  ,12,1384.78,899.63,1314.44,,B1518A,22/08/27,306,R3-S1,"Pack: Tab, blister"
362,VPH-00317,Dolo 650mg,Tab,GSK,30049099  ,12,227.40,176.51,210.56,,B5198H,09/10/2026,143,R7-S12,
363,VPH-00318,Ranitidine 150mg,Tab,SANOFI,30049099,12,1540.40,1111.58,1451.44,,B1946A,14.04.2027,168,R1-S10,
364,VPH-00319,Vitamin B12 1500mcg,Tab,Mankind Pharma,30049099,12,708.25,₹528.24,₹667.86,,B8957C,01/04/27,598,R3-S1,
365,VPH-00320,Combiflam,Tab,ZYDUS,30049099,12,780.11,433.19,745.48,,B8272D,11/01/2028,102,R4-S4,
366,VPH-00321,Digene Gel 200ml,Liquid,Alkem,30049099,12,261.44,157.96,243.68,,B8772G,28/09/2027,143,R1-S7,
367,VPH-00322,Pudin Hara Pearls,Cap,Zydus Cadila,30049099  ,12,313.58,241.21,309.50,,B3520E,07.07.2027,416,R7-S10,
368,VPH-00323,Glucose D 100g,Sachet,Alkem Labs,21069099  ,18,835.37,608.13,776.62,,B1790E,22/07/27,9,R6-S3,
369,VPH-00324,Loratadine 10mg,Tab,HIMALAYA,  30049099,12,73.45,48.34,71.62,,B6515B,17-Nov-2026,351,R4-S12,
370,VPH-00325,Moov Spray 50g,Spray,SUN PHARMA,  30049099,12,₹1598.15,916.21,1503.13,,B3721G,25/03/2028,583,R3-S1,"Pack: Spray, blister"
371,VPH-00326,Pantoprazole 40mg,Tab,CIPLA,30049099  ,12,941.23,586.29,931.57,,B5321H,10-Jan-2027,152,R7-S1,
372,VPH-00326,Pantoprazole 40mg,Tab,CIPLA,30049099  ,12,941.23,₹531.28,677.23,,B5043H,26.12.2026,432,R6-S10,
373,VPH-00327,Pudin Hara Pearls,Cap,cipla ,  30049099,12,1804.70,1318.31,1716.71,,B2727C,30/04/2028,470,R3-S8,
374,VPH-00328,ORS Sachet 21g,Sachet,Dr Reddys,30049099,5,1755.65,1162.56,Rs.1679.82,,B5593F,17/11/27,105,R6-S9,
375,VPH-00329,Atorvastatin 10mg,Tab,Pfizer,30049099,12,482.64,368.73,455.09,,B5726H,18/12/26,394,R7-S3,"Pack: Tab, blister"
376,VPH-00330,Cetirizine 10mg,Tab,ZYDUS,30049099  ,12,1316.57,779.74,1309.99,,B8067A,03-Nov-2026,581,R6-S10,
377,VPH-00330,Cetirizine 10mg,Tab,ZYDUS,30049099  ,12,1316.57,423.85,₹624.57,,B5872E,18/09/2027,169,R3-S11,
378,VPH-00331,Antacid Gel 170ml,Liquid,Cipla,30049099,12,1408.42,838.25,1338.36,,B5694B,24-Nov-2027,356,R5-S3,
379,VPH-00332,Amlodipine 5mg,Tab,Lupin,30049099,12,563.45,356.32,553.83,,B9921B,14/08/2027,38,R1-S4,"Pack: Tab, blister"
380,VPH-00333,Multivitamin Syrup 200ml,Syrup,Torrent Pharma,30049099  ,12,659.71,Rs.411.34,652.34,,B6974A,20/06/2025,317,R8-S1,
381,VPH-00334,Ranitidine 150mg,Tab,Sun Pharma Ltd,30049099,12,1652.82,Rs.1014.48,1643.41,,B4617G,20-Apr-2027,372,R7-S10,
382,VPH-00335,Cough Syrup 100ml,Syrup,Abbott,30049099,12,42.48,31.96,₹41.88,,B8807B,16.09.2027,551,R7-S12,
383,VPH-00336,Loratadine 10mg,Tab,HIMALAYA,30049099,12,1041.89,671.75,₹1041.20,,B1173G,13-Mar-2027,254,R2-S7,
384,VPH-00337,Calcium Carbonate 500mg,Tab,Dr Reddys,30049099,12,878.52,492.99,854.46,,B3749B,14/09/27,118,R4-S11,"Pack: Tab, blister"
385,VPH-00337,Calcium Carbonate 500mg,Tab,Dr Reddys,30049099,12,878.52,₹803.00,Rs.1220.99,,B8953D,11.11.2027,241,R3-S10,
386,VPH-00338,Iron Folic Acid,Tab,ABBOTT,30049099  ,12,694.61,401.58,660.67,,B9264G,01/06/26,301,R3-S2,
387,VPH-00338,Iron Folic Acid,Tab,ABBOTT,30049099  ,12,694.61,810.62,1338.61,,B5660C,08/11/2026,192,R1-S6,
388,VPH-00339,Omeprazole 20mg,Cap,TORRENT,30049099  ,12,845.49,640.37,780.06,,B8450F,29-Dec-2026,245,R8-S2,"Pack: Cap, blister"
389,VPH-00340,Folic Acid 5mg,Tab,Pfizer,30049099  ,12,755.25,529.43,726.53,,B4529C,22.03.2027,464,R8-S12,"Pack: Tab, blister"
390,VPH-00341,ORS Sachet 21g,Sachet,Lupin,30049099,5,1107.87,₹675.88,₹1064.79,,B2014H,27-Dec-2027,504,R7-S10,
391,VPH-00342,Atorvastatin 10mg टॅब,Tab,TORRENT,30049099,12,1579.19,1038.96,1460.53,,B8660E,02.09.2025,112,R3-S4,
392,VPH-00343,Telmisartan 40mg,Tab,MANKIND,30049099,12,₹802.53,623.37,₹782.34,,B8014A,18/05/2026,460,R5-S8,
393,VPH-00344,Multivitamin Syrup 200ml,Syrup,Macleods,30049099,12,1633.34,Rs.981.70,1514.58,,B4916C,11/06/26,424,R2-S12,
394,VPH-00344,Multivitamin Syrup 200ml,Syrup,Macleods,30049099,12,1633.34,373.11,485.39,,B8898A,25/10/2026,446,R4-S7,
395,VPH-00345,Aspirin 75mg,Tab,GlaxoSmithKline,30049099,12,1636.45,900.69,1536.62,,B5978D,01-Dec-2027,325,R1-S6,
396,VPH-00346,Multivitamin Syrup 200ml,Syrup,ABBOTT,30049099  ,12,1765.78,1349.68,1644.15,,B1567C,13.10.2026,582,R1-S7,
397,VPH-00347,Glucose D 100g,Sachet,Sun Pharma,21069099,18,590.49,368.28,563.18,,B7355C,11/08/2026,385,R6-S9,
398,VPH-00347,Glucose D 100g,Sachet,Sun Pharma,21069099,18,590.49,₹1178.64,1751.89,,B2978H,18/03/2028,303,R7-S10,
399,VPH-00348,Multivitamin Syrup 200ml,Syrup,Torrent,30049099,12,329.87,229.68,₹308.69,,B2366A,01-Apr-2028,176,R2-S8,
400,VPH-00348,Multivitamin Syrup 200ml,Syrup,Torrent,30049099,12,329.87,834.37,1105.97,,B1325D,30/07/27,503,R3-S11,
401,VPH-00349,Cetirizine 10mg,Tab,ABBOTT,30049099,12,1540.58,910.95,1445.82,,B5812E,13-Aug-2026,350,R5-S10,
402,VPH-00350,Amlodipine 5mg,Tab,Himalaya Drug Co,30049099,12,Rs.223.51,Rs.132.05,206.81,,B3877D,05/01/26,198,R3-S9,
403,VPH-00350,Amlodipine 5mg,Tab,Himalaya Drug Co,30049099,12,Rs.223.51,31.41,45.82,,B9123D,03/05/2027,82,R1-S8,
404,VPH-00351,Atorvastatin 10mg,Tab,Macleods,30049099,12,626.86,413.85,590.56,,B2067A,09.04.2028,315,R3-S3,
405,VPH-00352,Vitamin D3 60K,Sachet,Dr Reddy's,30049099,12,229.15,150.62,221.79,,B3806B,31-Jan-2027,165,R5-S8,
406,VPH-00353,Amlodipine 5mg,Tab,Alkem,30049099  ,12,678.15,470.21,654.77,,B7707E,10-Feb-2027,141,R5-S2,
407,VPH-00354,ORS Sachet 21g,Sachet,ABBOTT,30049099,5,46.31,31.13,42.68,,B4762A,16-Apr-2027,327,R2-S5,
408,VPH-00355,Cetirizine 10mg,Tab,DR REDDYS,30049099,12,1046.86,588.70,964.69,,B2262E,08-May-2027,161,R5-S12,
409,VPH-00356,Ondansetron 4mg,Tab,MACLEODS,30049099,12,₹1516.35,940.66,1409.04,,B1824B,19/04/2027,174,R7-S8,
410,VPH-00357,Ibuprofen 400mg,Tab,Zydus,30049099,12,1245.55,951.68,1195.93,,B1589G,18/05/2026,441,R4-S7,
411,VPH-00358,Glimepiride 1mg,Tab,Himalaya,30049099,12,874.91,₹676.60,Rs.825.21,,B3193F,22/02/2028,215,R5-S2,
412,VPH-00359,Ondansetron 4mg टॅब,Tab,Torrent Pharma,30049099  ,12,514.17,285.94,480.05,,B4608D,25/06/2027,399,R1-S3,
413,VPH-00360,Multivitamin Syrup 200ml टॅब,Syrup,GLENMARK,  30049099,12,1080.81,771.73,Rs.1063.12,,B2352B,13/04/2027,247,R5-S4,
414,VPH-00361,Cetirizine 10mg,Tab,HIMALAYA,30049099,12,₹984.01,736.04,₹962.19,,B7876H,04.09.2026,486,R8-S11,
415,VPH-00361,Cetirizine 10mg,Tab,HIMALAYA,30049099,12,₹984.01,717.93,1031.10,,B2419D,13/05/2027,391,R4-S3,
416,VPH-00362,Loratadine 10mg,Tab,Himalaya Drug Co,30049099,12,₹1512.76,1118.68,1430.88,,B8523A,20.03.2028,84,R3-S8,
417,VPH-00363,Iron Folic Acid,Tab,Mankind Pharma,30049099,12,1638.41,1253.43,1569.77,,B6630F,14-Feb-2027,549,R5-S3,
418,VPH-00364,Calcium Carbonate 500mg,Tab,Torrent,30049099,12,715.73,527.53,660.62,,B5978E,20/10/2027,575,R8-S6,"Pack: Tab, blister"
419,VPH-00365,Omeprazole 20mg,Cap,Pfizer,30049099,12,1117.05,₹809.73,Rs.1040.68,,B2617G,13-Jul-2026,318,R4-S7,
420,VPH-00366,Glimepiride 1mg,Tab,PFIZER,  30049099,12,₹464.91,350.44,₹454.23,,B8766C,19-May-2026,419,R8-S6,
421,VPH-00367,Antacid Gel 170ml,Liquid,Macleods,  30049099,12,537.33,407.23,527.00,,B9989H,23.03.2027,531,R3-S6,"Pack: Liquid, blister"
422,VPH-00368,Loratadine 10mg,Tab,ABBOTT,30049099,12,749.30,527.42,748.27,,B6264B,04/03/28,336,R2-S9,
423,VPH-00369,Glimepiride 1mg,Tab,SANOFI,  30049099,12,1509.43,969.13,1443.44,,B4495B,24-Oct-2026,111,R4-S2,"Pack: Tab, blister"
424,VPH-00370,Omeprazole 20mg,Cap,Cipla Ltd,30049099,12,1285.46,714.87,1272.14,,B3131C,07/05/28,464,R4-S4,
425,VPH-00371,Omeprazole 20mg,Cap,Torrent,30049099,12,1697.96,Rs.998.90,1684.16,,B1191B,03.12.2025,29,R5-S12,
426,VPH-00372,Aspirin 75mg,Tab,Sanofi,30049099  ,12,₹554.97,₹389.76,549.47,,B7713G,31/12/26,77,R2-S3,
427,VPH-00373,Loratadine 10mg टॅब,Tab,SUN PHARMA,30049099,12,1382.78,1048.28,1361.74,,B7701F,10/01/2028,207,R5-S7,
428,VPH-00374,Omeprazole 20mg,Cap,ABBOTT,30049099,12,1684.56,965.44,₹1590.33,,B9542C,31-Oct-2026,30,R6-S11,
429,VPH-00375,Ranitidine 150mg,Tab,Torrent Pharma,30049099,12,35.34,19.75,34.86,,B7789E,23.06.2026,576,R2-S2,"Pack: Tab, blister"
430,VPH-00375,Ranitidine 150mg,Tab,Torrent Pharma,30049099,12,35.34,1193.30,1608.47,,B3789H,20/10/2027,315,R2-S4,"Pack: Tab, blister"
431,VPH-00376,Glucose D 100g,Sachet,Abbott,21069099,18,1786.69,1027.34,1720.25,,B9355B,29/03/2028,571,R3-S11,
432,VPH-00377,Telmisartan 40mg,Tab,Glenmark Pharma,30049099,12,Rs.1598.49,1226.19,1494.37,,B2499E,21-Dec-2027,78,R8-S8,"Pack: Tab, blister"
433,VPH-00378,Metformin 500mg,Tab,Pfizer India,  30049099,12,1133.11,₹687.26,1049.00,,B3043H,15/12/2026,386,R2-S12,
434,VPH-00379,Ibuprofen 400mg,Tab,Lupin Ltd,30049099,12,1363.98,963.99,₹1273.56,,B8789E,09.11.2026,316,R4-S1,
435,VPH-00379,Ibuprofen 400mg,Tab,Lupin Ltd,30049099,12,1363.98,850.13,Rs.1288.48,,B9465B,28/11/2026,170,R3-S9,
436,VPH-00380,Vitamin B12 1500mcg,Tab,Alkem,  30049099,12,₹822.72,468.69,800.31,,B4914H,18/01/27,577,R5-S1,"Pack: Tab, blister"
437,VPH-00381,Calcium Carbonate 500mg,Tab,Macleods Pharma,30049099,12,1278.88,₹914.64,1186.45,,B7409B,01.09.2027,441,R1-S8,
438,VPH-00382,Folic Acid 5mg टॅब,Tab,Sun Pharma,30049099,12,301.10,Rs.193.31,294.88,,B2580G,29-Apr-2028,167,R2-S4,
439,VPH-00383,Cough Syrup 100ml,Syrup,Lupin Ltd,30049099,12,140.70,96.06,132.89,,B5194B,31/03/2027,450,R8-S4,
440,VPH-00384,Omeprazole 20mg,Cap,Himalaya,30049099,12,1231.17,₹937.31,₹1149.19,,B7030C,27/02/2027,225,R4-S2,"Pack: Cap, blister"
441,VPH-00385,Multivitamin Syrup 200ml,Syrup,SUN PHARMA,30049099,12,1025.13,716.39,955.41,,B6062B,22.01.2028,101,R8-S7,
442,VPH-00386,Ondansetron 4mg,Tab,Torrent,30049099,12,145.47,112.43,₹139.80,,B3732G,01/07/2027,227,R2-S9,
443,VPH-00387,ORS Sachet 21g,Sachet,cipla ,30049099,5,563.14,415.88,547.56,,B3686E,01/12/26,432,R5-S3,
444,VPH-00388,ORS Sachet 21g,Sachet,Himalaya Drug Co,30049099,5,176.72,119.54,₹176.60,,B6002H,13.05.2027,69,R5-S12,
445,VPH-00388,ORS Sachet 21g,Sachet,Himalaya Drug Co,30049099,5,176.72,15.83,24.55,,B5684B,11.06.2027,278,R1-S6,
446,VPH-00389,Loratadine 10mg,Tab,MACLEODS,30049099,12,₹1028.52,612.13,986.29,,B9298H,15.11.2026,170,R4-S11,
447,VPH-00389,Loratadine 10mg,Tab,MACLEODS,30049099,12,₹1028.52,1218.00,₹1661.61,,B7454A,27-Jan-2027,538,R7-S10,
448,VPH-00390,Antacid Gel 170ml,Liquid,Glenmark,30049099,12,658.98,426.35,₹621.52,,B1350C,02/07/27,170,R8-S1,
449,VPH-00391,Atorvastatin 10mg,Tab,HIMALAYA,30049099  ,12,1253.57,840.98,1227.91,,B3631A,07.10.2026,552,R5-S5,
450,VPH-00392,Glimepiride 1mg,Tab,Zydus Cadila,30049099,12,331.22,248.16,321.37,,B2130A,20/01/2027,39,R4-S7,
451,VPH-00393,Cough Syrup 100ml,Syrup,Alkem Labs,30049099,12,Rs.1470.80,1052.30,1412.81,,B8808F,10/02/2028,92,R4-S9,
452,VPH-00394,Antacid Gel 170ml,Liquid,Pfizer,30049099  ,12,981.07,645.43,₹905.17,,B4033F,25.06.2026,42,R3-S1,
453,VPH-00395,Folic Acid 5mg,Tab,Pfizer India,30049099,12,₹1463.65,1021.54,1414.59,,B7570E,30.11.2027,54,R8-S10,
454,VPH-00396,Antacid Gel 170ml,Liquid,Glenmark,30049099,12,Rs.1532.14,897.78,1425.96,,B1745D,22-May-2026,260,R8-S4,
455,VPH-00397,ORS Sachet 21g,Sachet,Himalaya Drug Co,30049099  ,5,1275.66,839.40,1228.61,,B9351A,19/04/2027,88,R2-S8,
456,VPH-00397,ORS Sachet 21g,Sachet,Himalaya Drug Co,30049099  ,5,1275.66,240.39,384.80,,B3651B,15-Aug-2027,92,R1-S12,
457,VPH-00398,Vitamin D3 60K,Sachet,Zydus Cadila,30049099,12,612.76,455.62,566.79,,B6955C,22-May-2027,222,R4-S9,
458,VPH-00398,Vitamin D3 60K,Sachet,Zydus Cadila,30049099,12,612.76,Rs.59.81,76.02,,B5998G,18-Aug-2026,23,R8-S6,
459,VPH-00399,Pantoprazole 40mg,Tab,HIMALAYA,30049099,12,427.68,252.05,397.72,,B2661D,11/09/27,522,R6-S4,
460,VPH-00400,Aspirin 75mg,Tab,Abbott India,30049099  ,12,1783.23,1260.65,₹1768.00,,B6541E,12/01/28,176,R5-S6,
461,VPH-00401,Antacid Gel 170ml,Liquid,Alkem Labs,30049099,12,542.71,₹395.20,₹533.36,,B4267D,15-Jul-2026,36,R1-S1,"Pack: Liquid, blister"
462,VPH-00402,Folic Acid 5mg,Tab,Lupin,30049099,12,₹193.56,108.60,Rs.184.72,,B6368G,24/10/2027,40,R4-S2,
463,VPH-00403,Cough Syrup 100ml,Syrup,GSK Pharma,30049099  ,12,194.57,147.62,185.54,,B7073H,12/10/2027,523,R5-S4,
464,VPH-00404,Iron Folic Acid,Tab,CIPLA,30049099,12,446.17,344.71,Rs.446.09,,B2953A,03/07/2027,64,R5-S2,
465,VPH-00405,Folic Acid 5mg टॅब,Tab,Torrent Pharma,30049099,12,192.63,107.71,₹182.94,,B9383F,30/11/27,436,R7-S8,
466,VPH-00406,Antacid Gel 170ml,Liquid,ABBOTT,  30049099,12,1831.67,₹1311.76,1699.81,,B7007F,03/02/28,513,R6-S4,"Pack: Liquid, blister"
467,VPH-00407,Atorvastatin 10mg,Tab,Pfizer,  30049099,12,721.04,404.17,713.62,,B4252B,13-Dec-2027,186,R6-S4,
468,VPH-00408,Iron Folic Acid,Tab,TORRENT,30049099,12,₹1793.96,1227.17,1753.71,,B6885B,20/07/2026,216,R1-S5,
469,VPH-00409,ORS Sachet 21g,Sachet,Abbott India,30049099,5,₹849.92,583.31,800.79,,B5577D,12/02/27,210,R8-S5,
470,VPH-00410,Glucose D 100g,Sachet,CIPLA,21069099,18,439.41,₹287.96,423.92,,B7523B,30-Sep-2026,74,R3-S4,
471,VPH-00411,Glucose D 100g,Sachet,ABBOTT,21069099,18,1655.62,1257.05,1601.48,,B2142A,30/08/27,345,R8-S5,
472,VPH-00412,Glimepiride 1mg,Tab,TORRENT,30049099,12,962.24,548.84,905.42,,B3506A,19-Jun-2027,440,R6-S12,
473,VPH-00413,Antacid Gel 170ml,Liquid,Sun Pharma,30049099,12,1065.74,686.87,1042.01,,B1331E,18/08/26,26,R4-S2,
474,VPH-00414,Antacid Gel 170ml,Liquid,Lupin,30049099,12,1151.64,807.39,1117.13,,B4170B,24/06/2027,305,R2-S7,
475,VPH-00415,Antacid Gel 170ml,Liquid,Macleods Pharma,30049099,12,278.01,₹211.38,270.01,,B2191G,06/04/28,128,R3-S10,
476,VPH-00416,Glimepiride 1mg,Tab,TORRENT,30049099,12,1670.95,₹1134.63,1578.82,,B6844H,30/08/2027,6,R4-S1,
477,VPH-00417,Omeprazole 20mg,Cap,Torrent,30049099,12,1417.97,818.95,1306.76,,B6731H,10/05/2025,183,R5-S4,
478,VPH-00418,Vitamin B12 1500mcg,Tab,PFIZER,30049099  ,12,658.34,404.82,623.44,,B9099D,15/06/2026,383,R2-S3,"Pack: Tab, blister"
479,VPH-00418,Vitamin B12 1500mcg,Tab,PFIZER,30049099  ,12,658.34,31.93,38.51,,B2914A,14-Nov-2027,183,R1-S5,
480,VPH-00419,Ondansetron 4mg,Tab,Dr. Reddy's Labs,30049099  ,12,412.59,251.35,₹382.36,,B8576C,25/02/2027,277,R1-S7,
481,VPH-00420,Ibuprofen 400mg,Tab,MACLEODS,30049099,12,1352.07,1039.12,₹1307.15,,B1177D,14.11.2027,338,R8-S10,"Pack: Tab, blister"
482,VPH-00421,Glucose D 100g टॅब,Sachet,PFIZER,21069099  ,18,565.48,₹383.05,524.92,,B9949D,04/04/2028,483,R7-S11,
483,VPH-00422,Domperidone 10mg,Tab,cipla ,30049099,12,1136.90,761.98,1085.06,,B4356C,19/05/27,237,R3-S9,
484,VPH-00423,Amlodipine 5mg,Tab,DR REDDYS,  30049099,12,998.35,637.85,944.22,,B5768A,30/08/26,242,R8-S1,
485,VPH-00424,Pantoprazole 40mg,Tab,Abbott India,30049099,12,710.79,488.92,₹704.76,,B1014D,06/01/2027,475,R4-S4,
486,VPH-00425,Paracetamol 500mg,Tab,GSK Pharma,30049099,12,1805.74,1094.30,₹1777.38,,B3327F,31/03/2028,330,R4-S7,
487,VPH-00426,Ondansetron 4mg,Tab,Abbott,30049099  ,12,987.51,745.58,950.41,,B2748A,22/03/2027,578,R5-S4,
488,VPH-00427,Telmisartan 40mg,Tab,Cipla Ltd,30049099  ,12,705.16,₹524.79,666.09,,B5882A,11/06/25,205,R2-S4,"Pack: Tab, blister"
489,VPH-00428,Pantoprazole 40mg,Tab,Macleods,30049099  ,12,443.64,244.50,431.86,,B9274D,23-Oct-2027,417,R4-S11,
490,VPH-00428,Pantoprazole 40mg,Tab,Macleods,30049099  ,12,443.64,₹834.99,1157.33,,B6691D,10/11/2026,222,R5-S3,
491,VPH-00429,Iron Folic Acid,Tab,GLENMARK,30049099  ,12,116.28,74.96,115.64,,B7039D,17/07/2027,558,R3-S7,
492,VPH-00430,Aspirin 75mg,Tab,SANOFI,30049099,12,345.53,202.24,324.39,,B7534B,23-Sep-2027,205,R1-S4,"Pack: Tab, blister"
493,VPH-00431,Vitamin D3 60K,Sachet,Cipla Ltd,30049099  ,12,₹1625.83,925.86,1601.31,,B1528E,13.11.2026,329,R2-S10,
494,VPH-00432,Telmisartan 40mg,Tab,Abbott India,30049099  ,12,754.63,521.89,734.00,,B5392E,23-Oct-2026,331,R3-S9,
495,VPH-00433,Cetirizine 10mg,Tab,HIMALAYA,30049099  ,12,1159.21,856.85,1090.78,,B2122C,27.01.2028,216,R6-S8,
496,VPH-00434,Vitamin D3 60K,Sachet,Cipla,30049099,12,1528.95,1010.52,1492.68,,B8816C,04.10.2026,338,R7-S10,
497,VPH-00435,Loratadine 10mg,Tab,Pfizer India,30049099,12,108.36,63.13,103.34,,B9403C,04-Oct-2027,425,R4-S9,
498,VPH-00436,Telmisartan 40mg,Tab,Sanofi,30049099,12,1605.71,1084.67,1580.32,,B4427E,26/06/2026,377,R1-S3,
499,VPH-00437,Amlodipine 5mg,Tab,Macleods Pharma,30049099,12,1234.35,851.89,1161.42,,B4155A,18-Nov-2026,274,R3-S8,"Pack: Tab, blister"
500,VPH-00438,Paracetamol 500mg,Tab,LUPIN,30049099,12,469.43,292.06,465.61,,B4109F,06/10/2026,310,R3-S4,
501,VPH-00439,Vitamin B12 1500mcg,Tab,Cipla,30049099  ,12,1609.92,1170.25,1532.47,,B1708B,11/07/27,147,R5-S9,
502,VPH-00440,Domperidone 10mg,Tab,gsk,30049099,12,1726.74,₹1056.31,1721.02,,B4741D,05/10/26,117,R5-S5,
503,VPH-00441,Loratadine 10mg,Tab,Glenmark,30049099,12,916.00,522.12,898.32,,B7799H,01/10/27,456,R1-S2,
504,VPH-00442,Folic Acid 5mg,Tab,SANOFI,30049099,12,₹1603.19,1215.69,₹1598.54,,B2352G,23/06/25,541,R3-S10,
505,VPH-00443,Aspirin 75mg,Tab,CIPLA,30049099  ,12,649.97,459.09,610.56,,B3725H,22-Aug-2025,587,R8-S7,
506,VPH-00444,Ranitidine 150mg,Tab,SANOFI,30049099,12,745.65,₹498.46,728.58,,B6244E,16-May-2026,503,R2-S8,"Pack: Tab, blister"
507,VPH-00445,Pantoprazole 40mg,Tab,Sanofi India,30049099,12,₹231.20,172.26,₹216.50,,B3445F,01-Jan-2026,201,R2-S6,
508,VPH-00446,Cough Syrup 100ml,Syrup,ZYDUS,30049099,12,735.71,492.06,710.61,,B4655E,19/07/2026,581,R8-S6,
509,VPH-00447,Pantoprazole 40mg,Tab,Torrent Pharma,30049099,12,310.00,212.79,294.35,,B6131A,25.02.2027,13,R1-S4,
510,VPH-00448,Ranitidine 150mg,Tab,Zydus,30049099,12,₹1057.69,586.03,987.85,,B7452A,11.08.2027,101,R5-S9,
511,VPH-00449,Vitamin B12 1500mcg,Tab,MANKIND,30049099,12,194.65,Rs.137.37,187.58,,B6430D,12-Oct-2027,188,R5-S6,
512,VPH-00450,Metformin 500mg,Tab,Torrent Pharma,30049099,12,₹482.15,288.69,465.11,,B8803C,18-Jan-2028,539,R6-S7,
513,VPH-00450,Metformin 500mg,Tab,Torrent Pharma,30049099,12,₹482.15,1242.22,1804.26,,B3788H,19.01.2028,109,R3-S6,
514,VPH-00451,Cough Syrup 100ml,Syrup,Dr Reddys,30049099,12,1445.05,₹1096.17,₹1390.49,,B3352F,21-Oct-2026,25,R4-S4,
515,VPH-00452,Domperidone 10mg,Tab,GlaxoSmithKline,30049099,12,983.64,694.36,922.15,,B8249B,01-Jun-2027,151,R5-S6,
516,VPH-00453,Ibuprofen 400mg,Tab,GlaxoSmithKline,30049099  ,12,1368.90,1017.32,1332.75,,B9020H,04-Apr-2028,598,R1-S11,
517,VPH-00454,Amlodipine 5mg,Tab,GlaxoSmithKline,30049099  ,12,479.31,₹281.14,₹471.60,,B9752A,05.01.2026,341,R2-S5,
518,VPH-00455,Ibuprofen 400mg,Tab,Macleods,30049099,12,₹154.71,93.81,143.18,,B4054F,04/11/26,540,R5-S5,
519,VPH-00456,Cetirizine 10mg,Tab,Dr. Reddy's Labs,30049099,12,366.60,222.48,348.92,,B2502E,06/03/2028,544,R4-S9,
520,VPH-00457,Cough Syrup 100ml,Syrup,GSK Pharma,30049099,12,693.07,382.41,₹690.58,,B6760B,27-Aug-2027,234,R5-S10,
521,VPH-00458,Ranitidine 150mg,Tab,Macleods Pharma,30049099,12,803.10,526.38,797.42,,B2675E,30/08/2027,54,R5-S10,
522,VPH-00459,Vitamin D3 60K,Sachet,Dr Reddy's,30049099,12,1078.36,725.68,1064.58,,B5385E,17/07/2027,521,R5-S12,
523,VPH-00460,ORS Sachet 21g,Sachet,Sun Pharma Ltd,30049099,5,530.89,399.18,₹518.70,,B7150E,21.10.2027,164,R3-S6,
524,VPH-00461,Pantoprazole 40mg,Tab,DR REDDYS,  30049099,12,546.95,307.63,516.91,,B5991D,15/10/26,408,R3-S2,
525,VPH-00462,Multivitamin Syrup 200ml,Syrup,Himalaya,30049099,12,1144.08,₹707.65,1056.16,,B8414B,30-Dec-2027,262,R4-S4,
526,VPH-00463,Paracetamol 500mg,Tab,Torrent Pharma,30049099  ,12,1791.78,1101.06,1720.24,,B3577H,30.11.2025,354,R4-S11,
527,VPH-00464,Pantoprazole 40mg,Tab,Zydus,30049099  ,12,261.74,192.69,244.19,,B3904A,25/06/2025,18,R7-S2,
528,VPH-00465,Loratadine 10mg,Tab,cipla ,30049099,12,1804.92,1395.70,1769.77,,B8563D,04/11/2026,416,R3-S6,
529,VPH-00466,Ibuprofen 400mg,Tab,gsk,30049099,12,1515.08,₹1119.69,1411.56,,B7848F,21-Sep-2026,349,R8-S11,
530,VPH-00467,Atorvastatin 10mg,Tab,Torrent Pharma,30049099,12,1293.92,978.76,1262.50,,B4950G,14/11/26,424,R6-S7,"Pack: Tab, blister"
531,VPH-00467,Atorvastatin 10mg,Tab,Torrent Pharma,30049099,12,1293.92,302.77,426.39,,B9804C,31-Oct-2026,299,R7-S8,
532,VPH-00468,Metformin 500mg,Tab,SANOFI,30049099,12,₹729.89,403.09,678.12,,B7321E,10/12/2026,435,R1-S3,
533,VPH-00469,Multivitamin Syrup 200ml,Syrup,GSK,30049099  ,12,161.95,118.03,153.27,,B9258H,21/04/28,453,R8-S5,
534,VPH-00469,Multivitamin Syrup 200ml,Syrup,GSK,30049099  ,12,161.95,231.92,301.04,,B6876D,22.07.2026,171,R6-S1,
535,VPH-00470,Ondansetron 4mg,Tab,Lupin Ltd,30049099  ,12,1020.94,730.99,985.25,,B5927A,30-Mar-2028,260,R4-S11,
536,VPH-00471,Vitamin B12 1500mcg टॅब,Tab,MACLEODS,30049099  ,12,1095.87,Rs.775.88,1036.07,,B9095A,11/06/2026,105,R3-S10,
537,VPH-00472,Antacid Gel 170ml,Liquid,Dr Reddy's,30049099,12,₹642.74,438.15,601.40,,B9081E,28-Sep-2027,310,R5-S1,
538,VPH-00473,Cough Syrup 100ml,Syrup,GLENMARK,30049099  ,12,119.48,85.14,117.86,,B4564H,30.01.2028,56,R4-S11,
539,VPH-00474,Amlodipine 5mg,Tab,CIPLA,30049099,12,901.33,527.60,847.69,,B6003F,14.10.2026,131,R8-S8,
540,VPH-00475,Ondansetron 4mg,Tab,MANKIND,30049099,12,566.10,322.89,552.69,,B8714D,12/09/27,540,R8-S9,
541,VPH-00476,Paracetamol 500mg,Tab,Torrent Pharma,30049099,12,687.79,408.90,646.43,,B2055F,17/09/2027,435,R8-S2,
542,VPH-00477,Vitamin B12 1500mcg,Tab,CIPLA,30049099  ,12,₹1572.85,935.42,1531.01,,B7965G,11/11/27,170,R1-S2,
543,VPH-00478,Paracetamol 500mg,Tab,Torrent,30049099,12,595.19,352.37,552.03,,B3147D,13-Aug-2027,486,R3-S6,
544,VPH-00479,Amlodipine 5mg,Tab,GlaxoSmithKline,30049099  ,12,₹1284.17,₹919.24,1193.09,,B2588B,23-Jun-2025,212,R5-S6,
545,VPH-00480,Pantoprazole 40mg,Tab,Torrent Pharma,30049099,12,1118.77,641.58,₹1104.03,,B7838C,10/08/2027,246,R8-S2,
546,VPH-00481,Antacid Gel 170ml,Liquid,Dr Reddy's,30049099,12,₹1765.13,₹1296.86,₹1710.58,,B2118A,28/02/28,511,R5-S11,
547,VPH-00481,Antacid Gel 170ml,Liquid,Dr Reddy's,30049099,12,₹1765.13,931.78,₹1540.43,,B8889A,15-Oct-2026,272,R7-S9,
548,VPH-00482,Domperidone 10mg,Tab,Zydus,30049099,12,₹770.37,₹564.73,737.84,,B1923A,17/11/27,338,R3-S10,
549,VPH-00483,Pantoprazole 40mg,Tab,Alkem,30049099,12,1760.20,1135.38,1664.25,,B8439D,15-Oct-2027,321,R5-S10,
550,VPH-00484,Amlodipine 5mg,Tab,PFIZER,30049099,12,706.90,524.51,694.96,,B1320F,14/01/27,357,R1-S10,
551,VPH-00485,Amlodipine 5mg,Tab,Torrent Pharma,30049099,12,₹1340.55,₹890.98,1265.15,,B4236H,06/10/2026,560,R7-S5,
552,VPH-00486,Glucose D 100g,Sachet,Mankind Pharma,21069099,18,₹1201.49,751.20,1125.85,,B4805E,22.02.2028,41,R4-S9,
553,VPH-00487,Paracetamol 500mg,Tab,ZYDUS,30049099,12,Rs.453.04,₹276.14,₹420.41,,B8272E,25-Feb-2028,305,R6-S5,
554,VPH-00488,Pantoprazole 40mg,Tab,Abbott India,  30049099,12,353.30,226.61,339.41,,B8585G,24-Dec-2027,476,R6-S3,
555,VPH-00489,Paracetamol 500mg,Tab,Mankind Pharma,30049099,12,384.38,₹240.53,358.38,,B9293F,16.04.2028,124,R7-S1,
556,VPH-00490,Paracetamol 500mg,Tab,PFIZER,30049099,12,1011.29,728.88,943.89,,B7990G,14.03.2027,316,R1-S7,
557,VPH-00491,Loratadine 10mg,Tab,GLENMARK,30049099,12,Rs.1508.67,₹916.46,1395.03,,B2762B,18/06/26,348,R1-S6,
558,VPH-00492,Vitamin D3 60K,Sachet,Sun Pharma,30049099,12,1021.56,688.93,₹972.59,,B7630G,11-Jan-2027,304,R5-S1,
559,VPH-00493,Folic Acid 5mg,Tab,Glenmark,30049099  ,12,294.60,175.16,287.13,,B1255H,19.02.2028,550,R5-S2,
560,VPH-00494,Calcium Carbonate 500mg,Tab,Abbott India,  30049099,12,1455.46,1126.96,1356.85,,B9205D,20/06/27,448,R4-S5,
561,VPH-00495,Vitamin D3 60K,Sachet,Zydus,30049099,12,1036.12,732.80,1008.22,,B1530E,23/09/27,361,R6-S8,
562,VPH-00496,Omeprazole 20mg,Cap,gsk,30049099,12,₹437.39,310.65,₹404.77,,B6811A,05/04/2028,431,R7-S11,
563,VPH-00497,Amlodipine 5mg,Tab,ABBOTT,30049099  ,12,491.87,381.38,482.16,,B6108H,27-Dec-2026,131,R4-S10,
564,VPH-00498,Omeprazole 20mg,Cap,MANKIND,30049099,12,658.85,395.64,623.86,,B7956A,08-Mar-2028,564,R5-S3,
565,VPH-00499,Ibuprofen 400mg,Tab,ALKEM,30049099,12,1822.70,1166.49,1687.25,,B2913E,01/11/27,109,R5-S6,
566,VPH-00500,Metformin 500mg,Tab,Sun Pharmaceutical,  30049099,12,232.91,152.87,₹224.43,,B8538H,06.12.2027,134,R7-S1,
